%timestamp,timestamp_sample,control[0],control[1],control[2],control[3],control[4],control[5],control[6],control[7]
1860000,1860000,-0.000872295,-0.00246558,-0.000531321,0.0,0.0,0.0,0.0,0.0
1960000,1960000,-0.000215983,0.722803,0.00134728,0.08,0.0,0.0,0.0,-1.0
2060000,2060000,-0.00552568,0.72457,0.00286176,0.08,0.0,0.0,0.0,-1.0
2164000,2164000,-0.00381552,0.723967,-0.00100366,0.08,0.0,0.0,0.0,-1.0
2264000,2264000,0.00494855,0.72571,-0.00255563,0.08,0.0,0.0,0.0,-1.0
2364000,2364000,0.000432632,0.72215,-0.000573234,0.08,0.0,0.0,0.0,-1.0
2460000,2460000,0.00103682,0.721715,-0.00303345,0.08,0.0,0.0,0.0,-1.0
2564000,2564000,-0.00241466,0.7142,-0.000595858,0.08,0.0,0.0,0.0,-1.0
2664000,2664000,0.00349185,0.721851,-0.00054807,0.08,0.0,0.0,0.0,-1.0
2760000,2760000,-0.00014806,0.721571,0.00228286,0.08,0.0,0.0,0.0,-1.0
2864000,2864000,-0.0085514,0.722286,-0.00103892,0.08,0.0,0.0,0.0,-1.0
2960000,2960000,-0.00308512,0.718304,-0.00236964,0.08,0.0,0.0,0.0,-1.0
3064000,3064000,0.00451701,0.727448,-0.00426733,0.08,0.0,0.0,0.0,-1.0
3160000,3160000,0.000664306,0.717383,6.67581e-05,0.08,0.0,0.0,0.0,-1.0
3260000,3260000,-0.000416265,0.72745,0.000849941,0.08,0.0,0.0,0.0,-1.0
3360000,3360000,0.00240124,0.723012,-0.00270702,0.08,0.0,0.0,0.0,-1.0
3460000,3460000,-0.000451375,0.7214,0.00114409,0.08,0.0,0.0,0.0,-1.0
3560000,3560000,-0.00826891,0.726651,7.43877e-05,0.08,0.0,0.0,0.0,-1.0
3660000,3660000,0.0023542,0.711998,-0.00217922,0.08,0.0,0.0,0.0,-1.0
3760000,3760000,0.00342952,0.722089,0.00448672,0.08,0.0,0.0,0.0,-1.0
3860000,3860000,-0.000320885,0.719735,0.00199854,0.08,0.0,0.0,0.0,-1.0
3960000,3960000,0.00056646,0.730088,-0.00099342,0.08,0.0,0.0,0.0,-1.0
4060000,4060000,0.00165292,0.72756,-0.000639699,0.08,0.0,0.0,0.0,-1.0
4160000,4160000,0.00194387,0.722812,0.00362898,0.08,0.0,0.0,0.0,-1.0
4260000,4260000,0.00101349,0.717675,0.0043465,0.08,0.0,0.0,0.0,-1.0
4364000,4364000,4.50274e-05,0.722154,0.000924144,0.08,0.0,0.0,0.0,-1.0
4460000,4460000,-0.00013457,0.717725,0.000825964,0.08,0.0,0.0,0.0,-1.0
4560000,4560000,0.00252438,0.7179,0.00549536,0.08,0.0,0.0,0.0,-1.0
4660000,4660000,-0.00324157,0.723402,0.000504762,0.08,0.0,0.0,0.0,-1.0
4764000,4764000,-0.00274115,0.72798,0.000478074,0.08,0.0,0.0,0.0,-1.0
4860000,4860000,-0.00791344,0.723525,-0.00177707,0.08,0.0,0.0,0.0,-1.0
4960000,4960000,-0.00157747,0.719872,-0.000606853,0.08,0.0,0.0,0.0,-1.0
5060000,5060000,0.00271479,0.725927,0.00226879,0.08,0.0,0.0,0.0,-1.0
5160000,5160000,0.00279133,0.722416,-0.000619213,0.08,0.0,0.0,0.0,-1.0
5260000,5260000,-0.000630353,0.72339,0.00089796,0.08,0.0,0.0,0.0,-1.0
5364000,5364000,0.0015654,0.716538,0.000556336,0.08,0.0,0.0,0.0,-1.0
5464000,5464000,0.00281053,0.715218,0.00289812,0.08,0.0,0.0,0.0,-1.0
5564000,5564000,-0.00361767,0.726646,0.000790377,0.08,0.0,0.0,0.0,-1.0
5664000,5664000,-0.00242356,0.718144,0.00241073,0.08,0.0,0.0,0.0,-1.0
5764000,5764000,-0.0039347,0.724677,0.00357229,0.08,0.0,0.0,0.0,-1.0
5864000,5864000,-0.00114534,0.720439,-0.000760481,0.08,0.0,0.0,0.0,-1.0
5960000,5960000,-0.00340407,0.722997,0.000901093,0.08,0.0,0.0,0.0,-1.0
6064000,6064000,-0.0022527,0.708833,-0.000880318,0.08,0.0,0.0,0.0,-1.0
6164000,6164000,-0.00456925,0.726937,-0.00439413,0.08,0.0,0.0,0.0,-1.0
6260000,6260000,-0.00226225,0.717558,-0.00114788,0.08,0.0,0.0,0.0,-1.0
6360000,6360000,-0.00427172,0.72456,0.00198708,0.08,0.0,0.0,0.0,-1.0
6464000,6464000,0.00486674,0.721193,0.000607549,0.08,0.0,0.0,0.0,-1.0
6560000,6560000,0.00186322,0.722627,0.00194235,0.08,0.0,0.0,0.0,-1.0
6664000,6664000,0.00100675,0.72451,0.00195762,0.08,0.0,0.0,0.0,-1.0
6760000,6760000,0.00063554,0.722628,-0.00106497,0.08,0.0,0.0,0.0,-1.0
6860000,6860000,-0.000392709,0.724716,0.00317495,0.08,0.0,0.0,0.0,-1.0
6960000,6960000,-0.00279716,0.721888,0.0021448,0.08,0.0,0.0,0.0,-1.0
7060000,7060000,-0.00463886,0.722817,-0.00059827,0.08,0.0,0.0,0.0,-1.0
7160000,7160000,-0.00106886,0.728247,0.000916078,0.08,0.0,0.0,0.0,-1.0
7264000,7264000,-0.00669937,0.720473,-2.42426e-05,0.08,0.0,0.0,0.0,-1.0
7364000,7364000,0.00408602,0.723586,0.000132841,0.08,0.0,0.0,0.0,-1.0
7464000,7464000,-0.00343195,0.720205,-0.00256681,0.08,0.0,0.0,0.0,-1.0
7560000,7560000,-0.000592228,0.71857,0.00202138,0.08,0.0,0.0,0.0,-1.0
7660000,7660000,-0.0020244,0.727879,-0.00152969,0.08,0.0,0.0,0.0,-1.0
7764000,7764000,0.00536348,0.722047,0.000499167,0.08,0.0,0.0,0.0,-1.0
7864000,7864000,-0.00672298,0.723891,-0.00229748,0.08,0.0,0.0,0.0,-1.0
7964000,7964000,0.00177345,0.72084,-0.000152329,0.08,0.0,0.0,0.0,-1.0
8064000,8064000,0.00132659,0.716887,-0.00319171,0.08,0.0,0.0,0.0,-1.0
8160000,8160000,-0.000783657,0.719568,-0.0011591,0.08,0.0,0.0,0.0,-1.0
8264000,8264000,0.0029771,0.724064,3.95266e-05,0.08,0.0,0.0,0.0,-1.0
8360000,8360000,0.000736527,0.720543,0.00374456,0.08,0.0,0.0,0.0,-1.0
8460000,8460000,0.00247056,0.723599,-0.00240702,0.08,0.0,0.0,0.0,-1.0
8564000,8564000,-0.00820378,0.726386,-0.0058461,0.08,0.0,0.0,0.0,-1.0
8660000,8660000,0.00348719,0.723457,-0.000162985,0.08,0.0,0.0,0.0,-1.0
8764000,8764000,0.00506586,0.723356,0.00046193,0.08,0.0,0.0,0.0,-1.0
8860000,8860000,-0.000113707,0.717938,-0.00134536,0.08,0.0,0.0,0.0,-1.0
8960000,8960000,-0.00235978,0.716968,0.000424322,0.08,0.0,0.0,0.0,-1.0
9064000,9064000,0.00558453,0.728022,0.00124472,0.08,0.0,0.0,0.0,-1.0
9164000,9164000,-0.0038768,0.724946,0.000544125,0.08,0.0,0.0,0.0,-1.0
9264000,9264000,-0.000743545,0.719459,-0.000583794,0.08,0.0,0.0,0.0,-1.0
9364000,9364000,0.00092998,0.721775,-0.000174897,0.08,0.0,0.0,0.0,-1.0
9464000,9464000,0.00472098,0.717181,0.000576286,0.08,0.0,0.0,0.0,-1.0
9564000,9564000,0.00352757,0.719616,-0.00229528,0.08,0.0,0.0,0.0,-1.0
9664000,9664000,0.00772456,0.723355,-0.00222277,0.08,0.0,0.0,0.0,-1.0
9760000,9760000,0.00127653,0.724315,-0.00153125,0.08,0.0,0.0,0.0,-1.0
9864000,9864000,-0.00286182,0.719826,-0.00291024,0.08,0.0,0.0,0.0,-1.0
9960000,9960000,-0.000804172,0.725318,-0.00222632,0.08,0.0,0.0,0.0,-1.0
10060000,10060000,-0.00268724,0.723111,-0.0011668,0.08,0.0,0.0,0.0,-1.0
10160000,10160000,-0.000816441,0.713145,0.000499252,0.08,0.0,0.0,0.0,-1.0
10260000,10260000,0.00269829,0.723952,-0.00265724,0.08,0.0,0.0,0.0,-1.0
10364000,10364000,0.008803,0.72353,-0.00075686,0.08,0.0,0.0,0.0,-1.0
10464000,10464000,0.000233965,0.720154,-0.00183855,0.08,0.0,0.0,0.0,-1.0
10564000,10564000,-0.000433093,0.724267,0.00196791,0.08,0.0,0.0,0.0,-1.0
10664000,10664000,-0.00185759,0.722123,-0.000238715,0.08,0.0,0.0,0.0,-1.0
10760000,10760000,-0.00306582,0.719777,-0.000475934,0.08,0.0,0.0,0.0,-1.0
10860000,10860000,-0.00149418,0.722669,-0.000819334,0.08,0.0,0.0,0.0,-1.0
10964000,10964000,0.00276037,0.723794,-0.000136077,0.08,0.0,0.0,0.0,-1.0
11060000,11060000,0.0019452,0.718724,0.000679209,0.08,0.0,0.0,0.0,-1.0
11160000,11160000,0.0034764,0.72325,-0.000541413,0.08,0.0,0.0,0.0,-1.0
11260000,11260000,-0.00535539,0.72284,0.000606451,0.08,0.0,0.0,0.0,-1.0
11364000,11364000,-0.000520886,0.719541,-0.000915076,0.08,0.0,0.0,0.0,-1.0
11460000,11460000,-0.00641649,0.722294,-0.000287835,0.08,0.0,0.0,0.0,-1.0
11564000,11564000,0.00247542,0.721117,-0.00191675,0.08,0.0,0.0,0.0,-1.0
11664000,11664000,-0.00349215,0.721426,-0.000652236,0.08,0.0,0.0,0.0,-1.0
11760000,11760000,-0.00212836,0.722893,0.0010761,0.08,0.0,0.0,0.0,-1.0
11864000,11864000,-0.00206306,0.723301,0.00213799,0.08,0.0,0.0,0.0,-1.0
11960000,11960000,0.00152363,0.724702,0.00365034,0.08,0.0,0.0,0.0,-1.0
12064000,12064000,0.00259416,0.725552,0.00126867,0.08,0.0,0.0,0.0,-1.0
12160000,12160000,-0.00471095,0.72199,-0.00171494,0.08,0.0,0.0,0.0,-1.0
12260000,12260000,-0.00197586,0.718545,0.00408554,0.08,0.0,0.0,0.0,-1.0
12360000,12360000,-0.00466304,0.725168,0.00385556,0.08,0.0,0.0,0.0,-1.0
12464000,12464000,-0.000114453,0.719792,0.000325115,0.08,0.0,0.0,0.0,-1.0
12560000,12560000,-0.00202406,0.720384,0.0038671,0.08,0.0,0.0,0.0,-1.0
12660000,12660000,0.0011356,0.719298,-0.00510768,0.08,0.0,0.0,0.0,-1.0
12764000,12764000,-0.00130229,0.720558,0.00114998,0.08,0.0,0.0,0.0,-1.0
12864000,12864000,-0.00509175,0.720418,3.66447e-05,0.08,0.0,0.0,0.0,-1.0
12960000,12960000,0.000519946,0.720409,-0.00064472,0.08,0.0,0.0,0.0,-1.0
13060000,13060000,0.0046227,0.722599,0.000314756,0.08,0.0,0.0,0.0,-1.0
13160000,13160000,-0.00151918,0.732152,-0.00113962,0.08,0.0,0.0,0.0,-1.0
13260000,13260000,-0.00111231,0.725365,0.00335107,0.08,0.0,0.0,0.0,-1.0
13360000,13360000,-0.00307475,0.719496,0.00325018,0.08,0.0,0.0,0.0,-1.0
13464000,13464000,-0.00168199,0.725321,-0.000533874,0.08,0.0,0.0,0.0,-1.0
13564000,13564000,-0.00572645,0.728088,0.00132567,0.08,0.0,0.0,0.0,-1.0
13664000,13664000,-0.00570496,0.719491,9.94071e-05,0.08,0.0,0.0,0.0,-1.0
13764000,13764000,-0.00300367,0.719788,0.0011088,0.08,0.0,0.0,0.0,-1.0
13860000,13860000,0.00132671,0.724042,-0.0024078,0.08,0.0,0.0,0.0,-1.0
13960000,13960000,-0.00480377,0.720558,0.00048254,0.08,0.0,0.0,0.0,-1.0
14060000,14060000,-0.00411774,0.72332,-0.00246158,0.08,0.0,0.0,0.0,-1.0
14160000,14160000,0.0019267,0.721264,-0.000640521,0.08,0.0,0.0,0.0,-1.0
14260000,14260000,0.00195857,0.723173,-0.00253578,0.08,0.0,0.0,0.0,-1.0
14364000,14364000,-0.0025129,0.719205,-0.000593514,0.08,0.0,0.0,0.0,-1.0
14460000,14460000,-0.00421164,0.721614,0.00047685,0.08,0.0,0.0,0.0,-1.0
14560000,14560000,0.00388237,0.719876,-0.00238512,0.08,0.0,0.0,0.0,-1.0
14660000,14660000,-7.41298e-05,0.725387,0.000962979,0.08,0.0,0.0,0.0,-1.0
14760000,14760000,0.00405393,0.719131,-0.00367121,0.08,0.0,0.0,0.0,-1.0
14860000,14860000,-0.0020786,0.726249,-0.00186206,0.08,0.0,0.0,0.0,-1.0
14960000,14960000,-0.000128954,0.717929,0.00170081,0.08,0.0,0.0,0.0,-1.0
15060000,15060000,-0.00181167,0.720418,-0.00178836,0.08,0.0,0.0,0.0,-1.0
15160000,15160000,-0.00464686,0.721494,-0.00332007,0.08,0.0,0.0,0.0,-1.0
15260000,15260000,-0.0035359,0.724631,0.00240756,0.08,0.0,0.0,0.0,-1.0
15360000,15360000,0.000824878,0.720851,0.000876198,0.08,0.0,0.0,0.0,-1.0
15464000,15464000,-0.00230048,0.722717,0.00251569,0.08,0.0,0.0,0.0,-1.0
15560000,15560000,0.000301297,0.722211,-0.00214177,0.08,0.0,0.0,0.0,-1.0
15660000,15660000,-0.00311786,0.721904,0.00111362,0.08,0.0,0.0,0.0,-1.0
15764000,15764000,-0.000431244,0.720187,-0.00204623,0.08,0.0,0.0,0.0,-1.0
15864000,15864000,-0.00393623,0.724104,-0.000252519,0.08,0.0,0.0,0.0,-1.0
15960000,15960000,-0.00161135,0.71904,-0.000886789,0.08,0.0,0.0,0.0,-1.0
16060000,16060000,0.00282864,0.718792,0.000873751,0.08,0.0,0.0,0.0,-1.0
16160000,16160000,0.000635632,0.719004,-0.00111818,0.08,0.0,0.0,0.0,-1.0
16260000,16260000,-0.0044915,0.723994,-0.000957667,0.08,0.0,0.0,0.0,-1.0
16360000,16360000,0.00339641,0.727427,0.000744003,0.08,0.0,0.0,0.0,-1.0
16460000,16460000,0.00492431,0.724133,0.00467876,0.08,0.0,0.0,0.0,-1.0
16560000,16560000,0.00374645,0.729777,-0.00186648,0.08,0.0,0.0,0.0,-1.0
16664000,16664000,0.0026483,0.726621,-0.000518496,0.08,0.0,0.0,0.0,-1.0
16760000,16760000,0.00235257,0.720317,-0.000565468,0.08,0.0,0.0,0.0,-1.0
16860000,16860000,-0.00382486,0.719251,0.00189283,0.08,0.0,0.0,0.0,-1.0
16960000,16960000,-0.00258528,0.725938,0.0020664,0.08,0.0,0.0,0.0,-1.0
17060000,17060000,-0.00462467,0.719657,0.00233318,0.08,0.0,0.0,0.0,-1.0
17160000,17160000,0.00140685,0.724633,-0.00438684,0.08,0.0,0.0,0.0,-1.0
17264000,17264000,-0.000739202,0.721447,-0.00415555,0.08,0.0,0.0,0.0,-1.0
17360000,17360000,0.0017393,0.720577,0.000857436,0.08,0.0,0.0,0.0,-1.0
17464000,17464000,0.00111297,0.721587,-0.00181699,0.08,0.0,0.0,0.0,-1.0
17560000,17560000,0.00177634,0.724135,0.00121214,0.08,0.0,0.0,0.0,-1.0
17664000,17664000,0.0031888,0.720705,-0.00324683,0.08,0.0,0.0,0.0,-1.0
17760000,17760000,-0.00569711,0.727304,-0.000754692,0.08,0.0,0.0,0.0,-1.0
17860000,17860000,-0.00673604,0.721058,0.000891811,0.08,0.0,0.0,0.0,-1.0
17964000,17964000,0.00142162,0.724328,-0.00177828,0.08,0.0,0.0,0.0,-1.0
18060000,18060000,-4.75448e-05,0.723426,0.00160433,0.08,0.0,0.0,0.0,-1.0
18160000,18160000,-0.00594313,0.719679,0.00276496,0.08,0.0,0.0,0.0,-1.0
18264000,18264000,-0.000274281,0.723245,-0.000678634,0.08,0.0,0.0,0.0,-1.0
18364000,18364000,0.000705164,0.718068,7.05913e-05,0.08,0.0,0.0,0.0,-1.0
18460000,18460000,0.00410826,0.716188,-0.000774271,0.08,0.0,0.0,0.0,-1.0
18560000,18560000,0.00262711,0.725902,0.00154897,0.08,0.0,0.0,0.0,-1.0
18660000,18660000,0.00142239,0.727033,0.00198088,0.08,0.0,0.0,0.0,-1.0
18764000,18764000,0.00185487,0.718077,-0.000986513,0.08,0.0,0.0,0.0,-1.0
18860000,18860000,0.00606323,0.721629,0.00194688,0.08,0.0,0.0,0.0,-1.0
18964000,18964000,-0.00153998,0.721718,-0.00262261,0.08,0.0,0.0,0.0,-1.0
19064000,19064000,0.00190623,0.721545,-0.000691843,0.08,0.0,0.0,0.0,-1.0
19164000,19164000,0.00271602,0.71776,0.000564025,0.08,0.0,0.0,0.0,-1.0
19260000,19260000,-0.00599001,0.722222,0.00251889,0.08,0.0,0.0,0.0,-1.0
19360000,19360000,0.00250802,0.721822,-0.00133868,0.08,0.0,0.0,0.0,-1.0
19460000,19460000,0.00678207,0.721437,-0.000108482,0.08,0.0,0.0,0.0,-1.0
19564000,19564000,0.00686022,0.728869,0.000445703,0.08,0.0,0.0,0.0,-1.0
19660000,19660000,0.00244046,0.723118,0.00190436,0.08,0.0,0.0,0.0,-1.0
19760000,19760000,0.00328172,0.722334,-0.00279832,0.08,0.0,0.0,0.0,-1.0
19864000,19864000,-0.0021382,0.723366,-0.00348237,0.08,0.0,0.0,0.0,-1.0
19964000,19964000,0.00392379,0.72759,0.00225448,0.08,0.0,0.0,0.0,-1.0
20060000,20060000,-0.00263038,0.724189,-0.000119776,0.08,0.0,0.0,0.0,-1.0
20164000,20164000,0.00253704,0.723165,-0.00014956,0.08,0.0,0.0,0.0,-1.0
20264000,20264000,0.00369455,0.718073,-0.00176998,0.08,0.0,0.0,0.0,-1.0
20364000,20364000,0.00788033,0.721538,-0.0010014,0.08,0.0,0.0,0.0,-1.0
20460000,20460000,-0.00144029,0.723359,0.00383877,0.08,0.0,0.0,0.0,-1.0
20564000,20564000,0.00121131,0.719083,-0.000182925,0.08,0.0,0.0,0.0,-1.0
20664000,20664000,0.00261463,0.726741,-0.000951277,0.08,0.0,0.0,0.0,-1.0
20764000,20764000,0.000992385,0.715781,-0.000150924,0.08,0.0,0.0,0.0,-1.0
20860000,20860000,0.00282699,0.720403,-0.000864674,0.08,0.0,0.0,0.0,-1.0
20960000,20960000,0.00275633,0.718354,0.000711583,0.08,0.0,0.0,0.0,-1.0
21060000,21060000,0.00500726,0.724081,-0.0042181,0.08,0.0,0.0,0.0,-1.0
21164000,21164000,0.00880622,0.717799,-0.00212565,0.08,0.0,0.0,0.0,-1.0
21260000,21260000,0.00194545,0.720846,-0.00164193,0.08,0.0,0.0,0.0,-1.0
21364000,21364000,-0.000175926,0.726491,7.57292e-05,0.08,0.0,0.0,0.0,-1.0
21460000,21460000,0.000523886,0.718868,0.000453237,0.08,0.0,0.0,0.0,-1.0
21560000,21560000,0.00183491,0.721996,0.0031952,0.08,0.0,0.0,0.0,-1.0
21660000,21660000,0.00261761,0.715554,-0.000182286,0.08,0.0,0.0,0.0,-1.0
21764000,21764000,0.00296963,0.720646,0.00461363,0.08,0.0,0.0,0.0,-1.0
21864000,21864000,-0.00488416,0.724395,-0.000105511,0.08,0.0,0.0,0.0,-1.0
21964000,21964000,0.00250668,0.721956,-0.000782345,0.08,0.0,0.0,0.0,-1.0
22064000,22064000,0.00226293,0.714496,-0.00308344,0.08,0.0,0.0,0.0,-1.0
22160000,22160000,0.000868253,0.721922,0.00163858,0.08,0.0,0.0,0.0,-1.0
22260000,22260000,-0.000234152,0.72172,0.00015318,0.08,0.0,0.0,0.0,-1.0
22360000,22360000,-0.00449255,0.720562,0.000159262,0.08,0.0,0.0,0.0,-1.0
22460000,22460000,0.00118873,0.721272,-1.8591e-05,0.08,0.0,0.0,0.0,-1.0
22564000,22564000,0.00319684,0.723022,0.00172728,0.08,0.0,0.0,0.0,-1.0
22660000,22660000,0.00118484,0.722548,0.00326127,0.08,0.0,0.0,0.0,-1.0
22760000,22760000,0.00263255,0.723703,-0.00123892,0.08,0.0,0.0,0.0,-1.0
22860000,22860000,-0.00212005,0.714975,0.00254488,0.08,0.0,0.0,0.0,-1.0
22960000,22960000,-0.00114068,0.720629,0.00412595,0.08,0.0,0.0,0.0,-1.0
23060000,23060000,0.00311767,0.721602,-0.0018546,0.08,0.0,0.0,0.0,-1.0
23160000,23160000,0.00517648,0.724496,-0.00184306,0.08,0.0,0.0,0.0,-1.0
23260000,23260000,0.000697495,0.718179,0.00186826,0.08,0.0,0.0,0.0,-1.0
23360000,23360000,0.00125791,0.717266,-0.000402708,0.08,0.0,0.0,0.0,-1.0
23460000,23460000,0.00791558,0.723712,0.00335225,0.08,0.0,0.0,0.0,-1.0
23560000,23560000,-0.00254778,0.719213,0.000713347,0.08,0.0,0.0,0.0,-1.0
23664000,23664000,0.00215668,0.715411,0.000843926,0.08,0.0,0.0,0.0,-1.0
23760000,23760000,0.000216435,0.714895,0.000668302,0.08,0.0,0.0,0.0,-1.0
23860000,23860000,-0.00218543,0.720825,-8.18416e-06,0.08,0.0,0.0,0.0,-1.0
23960000,23960000,0.00147201,0.722217,-0.00153145,0.08,0.0,0.0,0.0,-1.0
24064000,24064000,0.00195819,0.710439,-0.000269198,0.08,0.0,0.0,0.0,-1.0
24160000,24160000,-0.00426132,0.720435,-0.000977367,0.08,0.0,0.0,0.0,-1.0
24260000,24260000,-0.00439204,0.718586,-0.000565762,0.08,0.0,0.0,0.0,-1.0
24360000,24360000,-0.0052297,0.721944,-0.000822499,0.08,0.0,0.0,0.0,-1.0
24460000,24460000,-0.00269309,0.718473,-0.00190726,0.08,0.0,0.0,0.0,-1.0
24560000,24560000,-0.00723797,0.723989,0.00201603,0.08,0.0,0.0,0.0,-1.0
24660000,24660000,-0.00619661,0.72332,-0.00050607,0.08,0.0,0.0,0.0,-1.0
24760000,24760000,-0.000142829,0.723336,-0.00168302,0.08,0.0,0.0,0.0,-1.0
24860000,24860000,7.34878e-05,0.717599,-0.000185802,0.08,0.0,0.0,0.0,-1.0
24964000,24964000,-0.000664309,0.723382,0.000596275,0.08,0.0,0.0,0.0,-1.0
25064000,25064000,0.00205048,0.724418,0.00147903,0.08,0.0,0.0,0.0,-1.0
25160000,25160000,0.00312134,0.724895,0.00126706,0.08,0.0,0.0,0.0,-1.0
25260000,25260000,0.000144484,0.717258,0.00307841,0.08,0.0,0.0,0.0,-1.0
25360000,25360000,0.00128803,0.729482,0.00177415,0.08,0.0,0.0,0.0,-1.0
25460000,25460000,0.00258923,0.722834,0.000964102,0.08,0.0,0.0,0.0,-1.0
25564000,25564000,-0.000721593,0.712047,-0.000978552,0.08,0.0,0.0,0.0,-1.0
25664000,25664000,-0.000353065,0.724795,6.42875e-05,0.08,0.0,0.0,0.0,-1.0
25760000,25760000,0.00287476,0.721365,0.00174199,0.08,0.0,0.0,0.0,-1.0
25860000,25860000,8.79347e-05,0.720817,-0.000473952,0.08,0.0,0.0,0.0,-1.0
25960000,25960000,0.000907773,0.721862,0.00121575,0.08,0.0,0.0,0.0,-1.0
26060000,26060000,0.00169806,0.721643,0.00372935,0.08,0.0,0.0,0.0,-1.0
26160000,26160000,0.000792564,0.72031,0.000389185,0.08,0.0,0.0,0.0,-1.0
26264000,26264000,-0.000857481,0.723747,0.00011271,0.08,0.0,0.0,0.0,-1.0
26360000,26360000,0.000419563,0.71482,0.00195311,0.08,0.0,0.0,0.0,-1.0
26464000,26464000,-0.000247299,0.729289,0.0015411,0.08,0.0,0.0,0.0,-1.0
26560000,26560000,0.000297444,0.71845,-0.000791048,0.08,0.0,0.0,0.0,-1.0
26664000,26664000,0.00520704,0.720991,-0.00355466,0.08,0.0,0.0,0.0,-1.0
26764000,26764000,0.00151817,0.713971,-0.00318221,0.08,0.0,0.0,0.0,-1.0
26860000,26860000,0.00158879,0.723452,0.0022491,0.08,0.0,0.0,0.0,-1.0
26964000,26964000,-0.0033731,0.719883,-0.00141157,0.08,0.0,0.0,0.0,-1.0
27060000,27060000,0.000928127,0.721218,0.00137459,0.08,0.0,0.0,0.0,-1.0
27164000,27164000,0.00362552,0.722704,0.00136742,0.08,0.0,0.0,0.0,-1.0
27264000,27264000,0.00168754,0.724123,-0.0031238,0.08,0.0,0.0,0.0,-1.0
27364000,27364000,0.00142399,0.713785,2.9588e-05,0.08,0.0,0.0,0.0,-1.0
27460000,27460000,0.00153204,0.715633,-0.00276719,0.08,0.0,0.0,0.0,-1.0
27560000,27560000,0.00395717,0.727711,-0.00165747,0.08,0.0,0.0,0.0,-1.0
27660000,27660000,-0.0023858,0.718089,-0.00175902,0.08,0.0,0.0,0.0,-1.0
27764000,27764000,0.00500818,0.72157,-0.000295197,0.08,0.0,0.0,0.0,-1.0
27864000,27864000,0.00358284,0.722303,-0.00292144,0.08,0.0,0.0,0.0,-1.0
27960000,27960000,0.00444887,0.717342,-0.0005677,0.08,0.0,0.0,0.0,-1.0
28060000,28060000,0.00339554,0.71843,0.000722407,0.08,0.0,0.0,0.0,-1.0
28160000,28160000,0.000344738,0.715177,0.000833715,0.08,0.0,0.0,0.0,-1.0
28264000,28264000,0.00444934,0.719406,0.00139927,0.08,0.0,0.0,0.0,-1.0
28364000,28364000,0.000982887,0.72542,0.00139269,0.08,0.0,0.0,0.0,-1.0
28464000,28464000,-0.00442412,0.723907,0.00257608,0.08,0.0,0.0,0.0,-1.0
28560000,28560000,-0.000665543,0.725245,-0.00035613,0.08,0.0,0.0,0.0,-1.0
28660000,28660000,0.0012198,0.724152,0.000603922,0.08,0.0,0.0,0.0,-1.0
28760000,28760000,-0.00258955,0.723974,-0.00336481,0.08,0.0,0.0,0.0,-1.0
28860000,28860000,0.00182031,0.722549,-0.000678732,0.08,0.0,0.0,0.0,-1.0
28960000,28960000,-0.000257124,0.720809,-0.00224032,0.08,0.0,0.0,0.0,-1.0
29064000,29064000,0.000605778,0.723007,0.00118128,0.08,0.0,0.0,0.0,-1.0
29160000,29160000,-0.00250407,0.724633,0.000122483,0.08,0.0,0.0,0.0,-1.0
29260000,29260000,-0.00529194,0.727783,-0.000280649,0.08,0.0,0.0,0.0,-1.0
29364000,29364000,-0.000285923,0.715885,-0.000823687,0.08,0.0,0.0,0.0,-1.0
29460000,29460000,-0.000737483,0.721641,0.000599143,0.08,0.0,0.0,0.0,-1.0
29560000,29560000,0.000398006,0.722337,0.00204579,0.08,0.0,0.0,0.0,-1.0
29660000,29660000,0.000885164,0.723086,-0.00122948,0.08,0.0,0.0,0.0,-1.0
29760000,29760000,0.00391859,0.00814139,0.00280964,0.0,0.0,0.0,0.0,-1.0
29860000,29860000,0.00266824,0.00079301,0.00262062,0.0,0.0,0.0,0.0,-1.0
29960000,29960000,0.00234298,0.00550372,0.00186028,0.0,0.0,0.0,0.0,-1.0
30060000,30060000,-0.000945605,-0.00313575,0.00326525,0.0,0.0,0.0,0.0,-1.0
30164000,30164000,0.000872868,-0.0038202,0.00337106,0.0,0.0,0.0,0.0,-1.0
30260000,30260000,0.00447095,-0.00300111,0.00259393,0.0,0.0,0.0,0.0,-1.0
30360000,30360000,0.00434902,-0.00178382,-0.00229881,0.0,0.0,0.0,0.0,-1.0
30464000,30464000,0.000495629,-0.00346229,-0.0045985,0.0,0.0,0.0,0.0,-1.0
30560000,30560000,0.0020534,0.000207628,-0.00232366,0.0,0.0,0.0,0.0,-1.0
30664000,30664000,-0.00148344,0.00426373,-0.00269624,0.0,0.0,0.0,0.0,-1.0
30760000,30760000,0.00306381,0.000963896,-0.00350043,0.0,0.0,0.0,0.0,-1.0
30860000,30860000,0.00647433,0.00206808,0.00208781,0.0,0.0,0.0,0.0,-1.0
30964000,30964000,0.004308,0.00186601,0.00110763,0.0,0.0,0.0,0.0,-1.0
31064000,31064000,-0.0032847,-0.00493972,-0.00060464,0.0,0.0,0.0,0.0,-1.0
31164000,31164000,0.00239731,0.00130137,0.000926631,0.0,0.0,0.0,0.0,-1.0
31260000,31260000,-0.00213946,0.00688254,-0.00140832,0.0,0.0,0.0,0.0,-1.0
31360000,31360000,0.00174343,0.00371747,-0.000366393,0.0,0.0,0.0,0.0,-1.0
31460000,31460000,0.00431039,-0.00157591,0.00188207,0.0,0.0,0.0,0.0,-1.0
31560000,31560000,-0.00398659,0.00342749,-0.00204713,0.0,0.0,0.0,0.0,-1.0
31660000,31660000,-0.00112448,-0.00476358,0.000907818,0.0,0.0,0.0,0.0,-1.0
31764000,31764000,-0.000426497,0.00448458,0.00142415,0.0,0.0,0.0,0.0,-1.0
31864000,31864000,-0.00242939,-0.00351125,-0.00221343,0.0,0.0,0.0,0.0,-1.0
31964000,31964000,0.00474005,0.000645591,-0.000406304,0.0,0.0,0.0,0.0,-1.0
32060000,32060000,-0.000819962,-0.0979378,0.00250121,0.54239,0.0,0.0,0.0,-1.0
32160000,32160000,0.000794897,-0.0209667,0.00386469,0.562205,0.0,0.0,0.0,-1.0
32264000,32264000,-0.00460917,0.0215208,0.00263743,0.575761,0.0,0.0,0.0,-1.0
32360000,32360000,-0.00156004,0.011231,-0.00184259,0.616997,0.0,0.0,0.0,-1.0
32460000,32460000,0.000543206,-0.00504247,-0.00298812,0.642179,0.0,0.0,0.0,-1.0
32560000,32560000,0.00529588,0.660914,0.000296122,0.889922,0.0,0.0,0.0,-1.0
32664000,32664000,0.00446141,0.0828135,-0.00134122,0.566951,0.0,0.0,0.0,-1.0
32760000,32760000,-0.00180614,0.0186088,-0.00456679,0.572319,0.0,0.0,0.0,-1.0
32860000,32860000,-0.0107924,-0.0746025,-0.00249414,0.631121,0.0,0.0,0.0,-1.0
32964000,32964000,0.00442634,-0.0251702,-0.00322359,0.471052,0.0,0.0,0.0,-1.0
33064000,33064000,-0.000203768,0.00392316,-0.00392713,0.459705,0.0,0.0,0.0,-1.0
33164000,33164000,-0.000297188,0.0063219,0.00125601,0.512217,0.0,0.0,0.0,-1.0
33260000,33260000,-0.0117808,-0.00173758,-0.00198042,0.546324,0.0,0.0,0.0,-1.0
33360000,33360000,-0.0112556,0.00554563,-0.00125359,0.655678,0.0,0.0,0.0,-1.0
33460000,33460000,-0.0101678,0.0122566,0.00233735,0.60832,0.0,0.0,0.0,-1.0
33560000,33560000,0.000203185,-0.00502997,-0.00352224,0.579892,0.0,0.0,0.0,-1.0
33664000,33664000,-0.0022042,0.056328,-0.00153461,0.63065,0.0,0.0,0.0,-1.0
33760000,33760000,-0.0171111,0.0320323,0.0271415,0.983405,0.0,0.0,0.0,-1.0
33864000,33864000,-0.011139,0.028976,0.0202359,0.817768,0.0,0.0,0.0,-1.0
33964000,33964000,-0.0135842,0.0323794,0.0252877,0.547214,0.0,0.0,0.0,-1.0
34060000,34060000,-0.0186056,-0.00112571,0.018295,0.508392,0.0,0.0,0.0,-1.0
34164000,34164000,-0.00151941,-0.0225375,0.0146373,0.512988,0.0,0.0,0.0,-1.0
34264000,34264000,-0.00319822,-0.0154996,-0.00156422,0.519884,0.0,0.0,0.0,-1.0
34364000,34364000,0.0104442,-0.00320375,-0.00316532,0.523581,0.0,0.0,0.0,-1.0
34460000,34460000,0.00280222,0.00650447,-0.00505213,0.52542,0.0,0.0,0.0,-1.0
34560000,34560000,-0.186377,0.169866,0.0227956,0.163137,0.0,0.0,0.0,-1.0
34660000,34660000,0.024028,0.111739,-0.0358463,0.302655,0.0,0.0,0.0,-1.0
34760000,34760000,0.0647486,-0.0592572,-0.03883,0.33832,0.0,0.0,0.0,-1.0
34860000,34860000,0.0123077,-0.0394058,-0.0309677,0.510653,0.0,0.0,0.0,-1.0
34960000,34960000,-0.035623,-0.0214874,-0.0217823,0.497537,0.0,0.0,0.0,-1.0
35064000,35064000,-0.0294014,0.00967028,-0.00643754,0.494069,0.0,0.0,0.0,-1.0
35160000,35160000,-0.0107885,0.0112359,-0.000566091,0.492847,0.0,0.0,0.0,-1.0
35260000,35260000,0.000133463,0.0113735,0.00511621,0.493641,0.0,0.0,0.0,-1.0
35364000,35364000,-0.000374035,0.00523601,0.0125903,0.493736,0.0,0.0,0.0,-1.0
35460000,35460000,-0.00707863,-0.00420015,0.0171804,0.494516,0.0,0.0,0.0,-1.0
35560000,35560000,-0.00299978,0.00232807,0.0191773,0.495287,0.0,0.0,0.0,-1.0
35660000,35660000,-0.00441688,-0.000165774,0.0155156,0.494787,0.0,0.0,0.0,-1.0
35760000,35760000,0.000832935,-0.00200363,0.0112587,0.495033,0.0,0.0,0.0,-1.0
35864000,35864000,-0.0048479,-0.000896672,0.00861576,0.495808,0.0,0.0,0.0,-1.0
35964000,35964000,0.00246809,-0.000280172,-0.000107064,0.495063,0.0,0.0,0.0,-1.0
36060000,36060000,0.0058713,0.0114104,0.00064226,0.494574,0.0,0.0,0.0,-1.0
36160000,36160000,-0.00179929,0.00372111,-0.00247639,0.493802,0.0,0.0,0.0,-1.0
36260000,36260000,0.011939,0.00276827,-0.00532358,0.492789,0.0,0.0,0.0,-1.0
36360000,36360000,0.0104293,-0.0105197,-0.00850956,0.493357,0.0,0.0,0.0,-1.0
36464000,36464000,0.00298055,-0.0079219,-0.00878172,0.492848,0.0,0.0,0.0,-1.0
36564000,36564000,0.00256321,0.00156924,-0.00747054,0.492555,0.0,0.0,0.0,-1.0
36664000,36664000,0.00392029,-0.000975462,-0.00889453,0.493688,0.0,0.0,0.0,-1.0
36760000,36760000,0.000790075,-0.00118318,-0.00360606,0.493195,0.0,0.0,0.0,-1.0
36860000,36860000,0.000664196,0.00971187,-0.00695176,0.493447,0.0,0.0,0.0,-1.0
36960000,36960000,0.000325576,0.00639878,-0.00472412,0.493651,0.0,0.0,0.0,-1.0
37064000,37064000,0.00949333,0.0063932,-0.00264728,0.492993,0.0,0.0,0.0,-1.0
37160000,37160000,0.000936989,-0.00653488,-0.00119841,0.492824,0.0,0.0,0.0,-1.0
37264000,37264000,-0.00189894,0.00134691,-0.00194739,0.492477,0.0,0.0,0.0,-1.0
37364000,37364000,-0.00266701,0.0118663,0.000812609,0.492729,0.0,0.0,0.0,-1.0
37460000,37460000,0.00580146,-0.00164487,0.000133216,0.492234,0.0,0.0,0.0,-1.0
37564000,37564000,0.00379247,-0.00891817,0.0038858,0.492493,0.0,0.0,0.0,-1.0
37660000,37660000,0.000980549,-0.0127093,0.00136958,0.49276,0.0,0.0,0.0,-1.0
37764000,37764000,0.00280864,0.00162343,0.00123394,0.493151,0.0,0.0,0.0,-1.0
37864000,37864000,-0.00228433,0.00151546,0.00129433,0.493841,0.0,0.0,0.0,-1.0
37960000,37960000,0.0018325,-0.00225096,0.00325525,0.49416,0.0,0.0,0.0,-1.0
38060000,38060000,0.00432931,-0.0058189,0.000645217,0.493777,0.0,0.0,0.0,-1.0
38160000,38160000,-0.000720396,0.00126025,0.000670516,0.494451,0.0,0.0,0.0,-1.0
38260000,38260000,-0.00169113,0.00375081,-0.00723517,0.498902,0.0,0.0,0.0,-1.0
38364000,38364000,0.000106511,0.00839472,-0.00940713,0.500761,0.0,0.0,0.0,-1.0
38460000,38460000,-0.00618774,0.00475873,-0.0112111,0.500639,0.0,0.0,0.0,-1.0
38560000,38560000,0.0113786,-0.00567039,-0.0104673,0.499762,0.0,0.0,0.0,-1.0
38664000,38664000,-0.00019444,-0.0012731,-0.0115523,0.49826,0.0,0.0,0.0,-1.0
38760000,38760000,-0.000585238,0.00617772,-0.0100057,0.49783,0.0,0.0,0.0,-1.0
38864000,38864000,0.00398536,-0.00104246,-0.00361474,0.497088,0.0,0.0,0.0,-1.0
38964000,38964000,-9.13868e-05,-0.0123911,-0.000343607,0.49564,0.0,0.0,0.0,-1.0
39064000,39064000,0.00171422,-0.00134342,0.00524762,0.495076,0.0,0.0,0.0,-1.0
39160000,39160000,0.00276266,0.00668921,0.00925447,0.494084,0.0,0.0,0.0,-1.0
39260000,39260000,0.00388713,0.00350324,0.0089686,0.493367,0.0,0.0,0.0,-1.0
39364000,39364000,-0.00602093,0.0135439,0.0082679,0.497972,0.0,0.0,0.0,-1.0
39460000,39460000,-0.00771875,0.00860737,0.00699731,0.508798,0.0,0.0,0.0,-1.0
39560000,39560000,-0.00886089,-0.000808064,0.00997742,0.681465,0.0,0.0,0.0,-1.0
39664000,39664000,0.00374862,-0.00511775,0.00855428,0.66175,0.0,0.0,0.0,-1.0
39760000,39760000,-0.00416634,0.0025019,0.00582431,0.515808,0.0,0.0,0.0,-1.0
39860000,39860000,-0.000652838,-0.00385032,-0.00067564,0.496365,0.0,0.0,0.0,-1.0
39964000,39964000,-0.00106693,-0.00874746,0.00213357,0.496599,0.0,0.0,0.0,-1.0
40064000,40064000,-0.00612387,-0.00789958,-0.000218445,0.581193,0.0,0.0,0.0,-1.0
40160000,40160000,0.00211334,-0.00797679,0.00133688,0.509598,0.0,0.0,0.0,-1.0
40260000,40260000,-0.00634016,-0.00880831,0.0046453,0.495963,0.0,0.0,0.0,-1.0
40364000,40364000,-0.00152399,0.00851304,-0.00500685,0.495308,0.0,0.0,0.0,-1.0
40464000,40464000,-0.00620081,-0.00480064,0.00195455,0.495725,0.0,0.0,0.0,-1.0
40560000,40560000,0.00421662,-0.00821783,-0.00157221,0.496816,0.0,0.0,0.0,-1.0
40664000,40664000,0.00869594,0.000259669,0.00147166,0.497283,0.0,0.0,0.0,-1.0
40764000,40764000,0.00288026,0.075657,-0.00138371,0.244111,0.0,0.0,0.0,-1.0
40864000,40864000,0.00433599,0.039233,0.00140637,0.308853,0.0,0.0,0.0,-1.0
40964000,40964000,-0.000493138,0.0171273,-0.000416015,0.4634,0.0,0.0,0.0,-1.0
41064000,41064000,-0.00174352,0.0155212,0.00253143,0.487117,0.0,0.0,0.0,-1.0
41164000,41164000,-0.000170854,0.00212956,-0.00248749,0.485268,0.0,0.0,0.0,-1.0
41264000,41264000,-0.00261308,0.00183189,0.000969092,0.483639,0.0,0.0,0.0,-1.0
41364000,41364000,-0.00199787,0.00747289,-0.000213844,0.485361,0.0,0.0,0.0,-1.0
41460000,41460000,0.0025046,-0.00781249,0.000120725,0.48613,0.0,0.0,0.0,-1.0
41560000,41560000,0.0016172,-4.8023e-05,0.000437438,0.48813,0.0,0.0,0.0,-1.0
41660000,41660000,0.00536278,-0.000825556,-1.01755e-05,0.490162,0.0,0.0,0.0,-1.0
41760000,41760000,-0.000188829,-0.00182277,0.00458587,0.491382,0.0,0.0,0.0,-1.0
41860000,41860000,0.00418494,0.00450674,-0.00266364,0.491291,0.0,0.0,0.0,-1.0
41964000,41964000,0.00686062,-0.00191718,0.0020912,0.492124,0.0,0.0,0.0,-1.0
42060000,42060000,0.00317488,0.00383542,-0.00246914,0.492381,0.0,0.0,0.0,-1.0
42164000,42164000,-0.00176259,-0.00506818,-0.000231253,0.493506,0.0,0.0,0.0,-1.0
42264000,42264000,-0.00112479,0.00312574,0.00298297,0.493525,0.0,0.0,0.0,-1.0
42360000,42360000,-0.00194489,0.0056135,-0.000175104,0.493553,0.0,0.0,0.0,-1.0
42464000,42464000,-0.000520949,-0.00594953,-0.00130447,0.493243,0.0,0.0,0.0,-1.0
42560000,42560000,0.00520388,-0.0121372,0.000901329,0.492708,0.0,0.0,0.0,-1.0
42660000,42660000,0.00822444,0.000490185,0.00365224,0.493562,0.0,0.0,0.0,-1.0
42764000,42764000,-0.00289114,0.0111771,0.0024499,0.493531,0.0,0.0,0.0,-1.0
42860000,42860000,0.00975642,0.000768572,0.000442135,0.493137,0.0,0.0,0.0,-1.0
42960000,42960000,-0.000239099,-0.0088941,3.84482e-05,0.494189,0.0,0.0,0.0,-1.0
43064000,43064000,0.000917532,-0.00291301,0.000657641,0.495437,0.0,0.0,0.0,-1.0
43164000,43164000,-0.00394257,0.000964162,0.000633831,0.494747,0.0,0.0,0.0,-1.0
43260000,43260000,0.000935152,-0.00255458,-0.00414143,0.49434,0.0,0.0,0.0,-1.0
43360000,43360000,0.00284885,-0.00782716,-0.00255067,0.494085,0.0,0.0,0.0,-1.0
43460000,43460000,-0.00189922,-0.00510401,-0.00296904,0.494517,0.0,0.0,0.0,-1.0
43560000,43560000,-0.0017719,-0.000420937,0.00168385,0.494149,0.0,0.0,0.0,-1.0
43664000,43664000,0.00273019,0.00879642,-0.00222392,0.494336,0.0,0.0,0.0,-1.0
43760000,43760000,0.0054753,0.00200076,0.00165509,0.49437,0.0,0.0,0.0,-1.0
43860000,43860000,-0.00322782,-0.00510975,-0.0034561,0.495293,0.0,0.0,0.0,-1.0
43960000,43960000,2.53802e-05,-0.00426611,-0.00308639,0.495742,0.0,0.0,0.0,-1.0
44060000,44060000,-0.0013843,0.00531728,-0.00131989,0.494696,0.0,0.0,0.0,-1.0
44164000,44164000,-0.00318756,0.00960863,0.00031381,0.494964,0.0,0.0,0.0,-1.0
44264000,44264000,0.00202173,4.7572e-06,-0.00126978,0.49504,0.0,0.0,0.0,-1.0
44364000,44364000,-0.00591012,-0.0153437,0.000598616,0.495144,0.0,0.0,0.0,-1.0
44460000,44460000,-0.00353777,-0.020053,0.000322533,0.495982,0.0,0.0,0.0,-1.0
44560000,44560000,0.00988483,-0.00402835,-0.00112692,0.496345,0.0,0.0,0.0,-1.0
44664000,44664000,-0.00219225,0.0153973,-0.000348222,0.496383,0.0,0.0,0.0,-1.0
44764000,44764000,-0.010864,0.00134487,-0.000824878,0.496174,0.0,0.0,0.0,-1.0
44864000,44864000,0.00577025,0.0126272,-0.000395969,0.497041,0.0,0.0,0.0,-1.0
44964000,44964000,0.00455033,0.00301014,-0.00173692,0.496465,0.0,0.0,0.0,-1.0
45060000,45060000,0.00874946,-0.010211,0.00241679,0.495526,0.0,0.0,0.0,-1.0
45164000,45164000,-0.00434699,-0.0150897,0.00441238,0.495658,0.0,0.0,0.0,-1.0
45260000,45260000,0.00112608,-0.00115397,3.17917e-05,0.495934,0.0,0.0,0.0,-1.0
45364000,45364000,0.00267541,5.64989e-05,3.22933e-05,0.49659,0.0,0.0,0.0,-1.0
45460000,45460000,-0.00199376,0.00657525,0.00400064,0.496404,0.0,0.0,0.0,-1.0
45560000,45560000,-0.00460412,0.00889818,-0.00144997,0.49668,0.0,0.0,0.0,-1.0
45660000,45660000,-0.000642361,-0.0036444,-0.000754532,0.495863,0.0,0.0,0.0,-1.0
45764000,45764000,0.00148096,-0.00573387,0.00125494,0.494799,0.0,0.0,0.0,-1.0
45860000,45860000,0.00210369,-0.00210046,0.000429766,0.495461,0.0,0.0,0.0,-1.0
45960000,45960000,-0.00145372,-0.00114394,0.000557342,0.494737,0.0,0.0,0.0,-1.0
46060000,46060000,0.00708169,0.00444005,-0.00331585,0.495951,0.0,0.0,0.0,-1.0
46160000,46160000,-0.00235605,0.00483185,0.00257236,0.495097,0.0,0.0,0.0,-1.0
46260000,46260000,-0.0069962,-0.0168881,0.00240656,0.495311,0.0,0.0,0.0,-1.0
46360000,46360000,0.00216763,-0.0182216,-0.00251343,0.495482,0.0,0.0,0.0,-1.0
46464000,46464000,0.00376893,0.012657,-0.000111393,0.495559,0.0,0.0,0.0,-1.0
46560000,46560000,-0.000549552,0.0117827,-0.000346596,0.495802,0.0,0.0,0.0,-1.0
46664000,46664000,-0.00383499,0.00858746,0.00160653,0.494999,0.0,0.0,0.0,-1.0
46764000,46764000,-0.00206671,0.00362039,0.00281586,0.495216,0.0,0.0,0.0,-1.0
46860000,46860000,-0.0062818,-0.00370712,0.0010492,0.494222,0.0,0.0,0.0,-1.0
46964000,46964000,0.00436918,-0.0145655,-0.000101695,0.494158,0.0,0.0,0.0,-1.0
47060000,47060000,-0.00333942,-0.00818974,-0.000617078,0.495149,0.0,0.0,0.0,-1.0
47164000,47164000,-0.00533002,-0.0462275,0.00296538,0.493005,0.0,0.0,0.0,-1.0
47264000,47264000,0.0117417,-0.0480787,-0.00374397,0.49921,0.0,0.0,0.0,-1.0
47360000,47360000,-0.000401032,-0.00776316,-0.000294135,0.504668,0.0,0.0,0.0,-1.0
47460000,47460000,-0.00393863,0.0880188,-0.00275167,0.491568,0.0,0.0,0.0,-1.0
47560000,47560000,-0.00675916,0.0905613,0.00240449,0.489191,0.0,0.0,0.0,-1.0
47664000,47664000,-0.00384419,-0.00404291,-0.00056987,0.497489,0.0,0.0,0.0,-1.0
47760000,47760000,-0.00355812,-0.0659357,0.000489339,0.485046,0.0,0.0,0.0,-1.0
47860000,47860000,-0.00377926,0.00853968,-0.000763766,0.497832,0.0,0.0,0.0,-1.0
47960000,47960000,-0.00250389,0.0214689,0.00411517,0.503061,0.0,0.0,0.0,-1.0
48064000,48064000,0.00179044,-0.00429349,-0.00108235,0.508156,0.0,0.0,0.0,-1.0
48160000,48160000,-0.00426946,0.00859822,-0.00262158,0.51053,0.0,0.0,0.0,-1.0
48264000,48264000,-0.00846146,0.0291006,0.00207553,0.51152,0.0,0.0,0.0,-1.0
48364000,48364000,-0.0109815,0.0193071,0.00232754,0.515964,0.0,0.0,0.0,-1.0
48464000,48464000,0.00397549,-0.0206604,0.000953688,0.521427,0.0,0.0,0.0,-1.0
48560000,48560000,-0.00781198,-0.0383025,-0.000297268,0.519372,0.0,0.0,0.0,-1.0
48660000,48660000,-0.000553596,0.0717488,0.00122002,0.491893,0.0,0.0,0.0,-1.0
48764000,48764000,-0.00065235,-0.240409,-0.000668998,0.498343,0.0,0.0,0.0,-1.0
48864000,48864000,0.0050555,-0.0745567,-0.00251279,0.503828,0.0,0.0,0.0,-1.0
48960000,48960000,0.00576372,0.0352942,0.00199074,0.485054,0.0,0.0,0.0,-1.0
49060000,49060000,0.00570728,0.0850241,0.00297327,0.491525,0.0,0.0,0.0,-1.0
49160000,49160000,0.00298184,0.005106,0.00354664,0.507318,0.0,0.0,0.0,-1.0
49264000,49264000,-0.0019442,-0.02695,0.00112342,0.509802,0.0,0.0,0.0,-1.0
49360000,49360000,-0.00163571,-0.0247597,0.00232681,0.515421,0.0,0.0,0.0,-1.0
49464000,49464000,0.00495625,-0.0293643,0.00132661,0.52881,0.0,0.0,0.0,-1.0
49560000,49560000,-0.00525154,-0.0353538,0.000762228,0.543691,0.0,0.0,0.0,-1.0
49664000,49664000,-0.00455532,-0.000184552,-0.000838329,0.56162,0.0,0.0,0.0,-1.0
49760000,49760000,-0.00638109,0.0188223,-0.000745363,0.569162,0.0,0.0,0.0,-1.0
49860000,49860000,0.0025142,0.0251614,-0.00396544,0.572013,0.0,0.0,0.0,-1.0
49960000,49960000,0.00626993,-0.0232161,-0.00368342,0.56105,0.0,0.0,0.0,-1.0
50060000,50060000,0.0029483,-0.0228654,-0.000272325,0.539369,0.0,0.0,0.0,-1.0
50160000,50160000,0.00150195,-0.00485603,0.000417419,0.537648,0.0,0.0,0.0,-1.0
50260000,50260000,0.00365555,0.0331391,0.000440897,0.525249,0.0,0.0,0.0,-1.0
50360000,50360000,-0.00333241,0.0417449,0.00189005,0.512419,0.0,0.0,0.0,-1.0
50460000,50460000,0.00305443,0.0206701,0.00144092,0.503432,0.0,0.0,0.0,-1.0
50560000,50560000,0.00843225,0.00533448,-0.00188973,0.498583,0.0,0.0,0.0,-1.0
50664000,50664000,0.00259795,-0.0460201,0.002453,0.494459,0.0,0.0,0.0,-1.0
50764000,50764000,-0.00198882,-0.0274527,-0.0021469,0.497065,0.0,0.0,0.0,-1.0
50860000,50860000,4.32208e-05,0.0375889,0.000154617,0.50256,0.0,0.0,0.0,-1.0
50960000,50960000,-0.000987414,0.0363334,0.000675053,0.501,0.0,0.0,0.0,-1.0
51060000,51060000,0.00212177,0.0112911,-0.000557378,0.508181,0.0,0.0,0.0,-1.0
51160000,51160000,0.00178728,0.00110045,-0.00220331,0.511712,0.0,0.0,0.0,-1.0
51264000,51264000,0.0019509,0.0344858,-0.000747173,0.518947,0.0,0.0,0.0,-1.0
51364000,51364000,0.00154181,0.00952185,-0.00275177,0.502814,0.0,0.0,0.0,-1.0
51460000,51460000,0.00768146,-0.127442,0.00101995,0.49584,0.0,0.0,0.0,-1.0
51560000,51560000,0.00412665,-0.0970821,-0.00323865,0.49112,0.0,0.0,0.0,-1.0
51660000,51660000,0.000862897,-0.0362869,-0.000382351,0.49615,0.0,0.0,0.0,-1.0
51764000,51764000,-0.0039403,0.0231919,-0.00266387,0.495341,0.0,0.0,0.0,-1.0
51864000,51864000,-0.00943213,0.0100466,-0.00318225,0.495462,0.0,0.0,0.0,-1.0
51960000,51960000,0.00358296,-0.0189555,0.00175466,0.497569,0.0,0.0,0.0,-1.0
52064000,52064000,-0.00550381,-0.0113311,-0.00187023,0.503843,0.0,0.0,0.0,-1.0
52160000,52160000,0.00418698,-0.0200057,0.00131804,0.505628,0.0,0.0,0.0,-1.0
52260000,52260000,0.00309804,-0.0170571,0.00197712,0.507242,0.0,0.0,0.0,-1.0
52364000,52364000,-0.000611653,0.0300838,0.00308371,0.505893,0.0,0.0,0.0,-1.0
52464000,52464000,0.00395931,0.00851622,0.00053753,0.506214,0.0,0.0,0.0,-1.0
52560000,52560000,-0.00259597,-0.0203022,-0.000927051,0.506526,0.0,0.0,0.0,-1.0
52660000,52660000,-0.00381325,-0.0074369,0.0011068,0.507795,0.0,0.0,0.0,-1.0
52764000,52764000,-0.000938051,-0.00157327,0.000837005,0.509861,0.0,0.0,0.0,-1.0
52864000,52864000,-0.000562993,0.0110351,-0.00119215,0.50867,0.0,0.0,0.0,-1.0
52960000,52960000,-0.00608288,0.0132014,0.00260246,0.509969,0.0,0.0,0.0,-1.0
53060000,53060000,0.00697489,0.0118112,-0.0022506,0.510793,0.0,0.0,0.0,-1.0
53164000,53164000,0.0065385,0.0152808,0.0031352,0.510621,0.0,0.0,0.0,-1.0
53260000,53260000,-0.00602204,-0.000477883,-0.00123142,0.510834,0.0,0.0,0.0,-1.0
53360000,53360000,-0.00244342,-0.0307117,-0.00215439,0.514029,0.0,0.0,0.0,-1.0
53464000,53464000,-0.0001441,-0.00219922,-1.6296e-05,0.511118,0.0,0.0,0.0,-1.0
53560000,53560000,0.000398983,0.00830065,-0.000557206,0.512424,0.0,0.0,0.0,-1.0
53660000,53660000,0.00176613,-0.00696616,-0.000431083,0.513203,0.0,0.0,0.0,-1.0
53760000,53760000,-0.00127326,0.00270856,-0.00129659,0.513131,0.0,0.0,0.0,-1.0
53860000,53860000,0.00375783,9.4871e-05,-0.000802373,0.51243,0.0,0.0,0.0,-1.0
53960000,53960000,-0.00312131,-0.000901191,-5.73641e-06,0.516251,0.0,0.0,0.0,-1.0
54064000,54064000,-0.000386827,0.018054,0.0010226,0.50529,0.0,0.0,0.0,-1.0
54160000,54160000,0.00286516,-0.00342042,-0.000869976,0.504803,0.0,0.0,0.0,-1.0
54260000,54260000,0.00544804,0.0157136,0.00341228,0.502304,0.0,0.0,0.0,-1.0
54360000,54360000,0.00304051,0.0123642,-0.00101788,0.499121,0.0,0.0,0.0,-1.0
54460000,54460000,0.00575696,0.00675427,0.0027274,0.495348,0.0,0.0,0.0,-1.0
54560000,54560000,0.00539825,-0.0120204,0.0022702,0.493627,0.0,0.0,0.0,-1.0
54660000,54660000,-0.0074431,-0.0138454,-0.00289528,0.492601,0.0,0.0,0.0,-1.0
54760000,54760000,0.0180577,0.000721293,-0.00118371,0.520587,0.0,0.0,0.0,-1.0
54860000,54860000,-3.08782e-05,0.00898742,-0.00140388,0.519052,0.0,0.0,0.0,-1.0
54964000,54964000,-0.00124597,0.012274,0.00104772,0.495278,0.0,0.0,0.0,-1.0
55060000,55060000,-0.00466861,-0.00165505,-0.000888104,0.768883,0.0,0.0,0.0,-1.0
55160000,55160000,-0.00992675,-0.00411801,-0.000441358,0.73433,0.0,0.0,0.0,-1.0
55260000,55260000,-0.00131635,-0.00766337,-0.00131203,0.699933,0.0,0.0,0.0,-1.0
55360000,55360000,0.000319581,-0.0126708,-0.0038658,0.539139,0.0,0.0,0.0,-1.0
55460000,55460000,0.00252791,-0.00788994,0.00274968,0.505155,0.0,0.0,0.0,-1.0
55560000,55560000,-0.000237743,0.000690993,-0.00455588,0.501974,0.0,0.0,0.0,-1.0
55660000,55660000,0.0107659,0.0130847,-0.000575491,0.501611,0.0,0.0,0.0,-1.0
55760000,55760000,-0.000398215,0.00491816,-0.00450938,0.499312,0.0,0.0,0.0,-1.0
55860000,55860000,-0.00704453,-0.000684019,-0.00102366,0.497106,0.0,0.0,0.0,-1.0
55960000,55960000,-0.00315704,-0.00625644,-0.000551265,0.496069,0.0,0.0,0.0,-1.0
56060000,56060000,0.00416432,0.000634626,0.0013332,0.493904,0.0,0.0,0.0,-1.0
56160000,56160000,0.0022758,0.00325265,-0.00392486,0.49164,0.0,0.0,0.0,-1.0
56260000,56260000,0.00218935,-0.00358937,-3.30354e-05,0.491681,0.0,0.0,0.0,-1.0
56364000,56364000,-0.00193527,-0.00256653,0.00275372,0.489688,0.0,0.0,0.0,-1.0
56464000,56464000,-0.00251567,-0.0069571,0.00587631,0.489621,0.0,0.0,0.0,-1.0
56560000,56560000,-0.00470275,-0.0153872,-0.00252348,0.489359,0.0,0.0,0.0,-1.0
56660000,56660000,0.00275933,-0.00693161,-1.99678e-05,0.489376,0.0,0.0,0.0,-1.0
56764000,56764000,0.00544247,0.00639203,-0.00233767,0.500171,0.0,0.0,0.0,-1.0
56860000,56860000,-0.0128336,0.0114925,-0.000244314,0.510727,0.0,0.0,0.0,-1.0
56960000,56960000,-0.00899499,-0.00721447,-0.000740088,0.514109,0.0,0.0,0.0,-1.0
57060000,57060000,0.000808015,-0.0232172,-0.000938702,0.515493,0.0,0.0,0.0,-1.0
57164000,57164000,-0.00917052,-0.00150608,0.126191,0.336577,0.0,0.0,0.0,-1.0
57260000,57260000,-0.0462329,0.00519633,0.294732,0.208251,0.0,0.0,0.0,-1.0
57360000,57360000,-0.0525565,-0.00661676,0.474646,0.136514,0.0,0.0,0.0,-1.0
57464000,57464000,-0.0926251,0.00690068,0.455473,0.400989,0.0,0.0,0.0,-1.0
57564000,57564000,-0.0970001,0.00234093,0.309198,0.473395,0.0,0.0,0.0,-1.0
57660000,57660000,-0.0486699,0.00135539,0.222917,0.481276,0.0,0.0,0.0,-1.0
57764000,57764000,-0.0305477,0.0113478,0.15201,0.482192,0.0,0.0,0.0,-1.0
57860000,57860000,-0.0197338,-0.00034396,0.10573,0.484595,0.0,0.0,0.0,-1.0
57960000,57960000,-0.0104843,0.00169118,0.0606233,0.48785,0.0,0.0,0.0,-1.0
58060000,58060000,-0.0109704,0.00492621,0.0355961,0.490288,0.0,0.0,0.0,-1.0
58160000,58160000,-0.00780631,-0.0140563,-0.0555919,0.680726,0.0,0.0,0.0,-1.0
58260000,58260000,0.0279923,0.0102487,-0.226479,0.730236,0.0,0.0,0.0,-1.0
58364000,58364000,0.0745715,0.010549,-0.506718,0.831802,0.0,0.0,0.0,-1.0
58464000,58464000,0.0993506,-0.0168755,-0.709487,0.79057,0.0,0.0,0.0,-1.0
58560000,58560000,0.124102,-0.00318616,-0.706866,0.687745,0.0,0.0,0.0,-1.0
58660000,58660000,0.151183,0.00301686,-0.632895,0.632077,0.0,0.0,0.0,-1.0
58764000,58764000,0.126386,-0.0170061,-0.471904,0.509188,0.0,0.0,0.0,-1.0
58864000,58864000,0.116832,0.00123186,-0.424766,0.386108,0.0,0.0,0.0,-1.0
58960000,58960000,0.064698,0.0102363,-0.30995,0.437209,0.0,0.0,0.0,-1.0
59060000,59060000,0.0350029,0.000111138,-0.202205,0.481849,0.0,0.0,0.0,-1.0
59164000,59164000,0.0346018,-0.000716938,-0.124026,0.489776,0.0,0.0,0.0,-1.0
59260000,59260000,0.0239593,-0.00509664,-0.0773751,0.489113,0.0,0.0,0.0,-1.0
59360000,59360000,0.0144024,-0.0057182,-0.028194,0.488735,0.0,0.0,0.0,-1.0
59460000,59460000,0.00521153,0.00323667,-0.0313577,0.489701,0.0,0.0,0.0,-1.0
59564000,59564000,0.00245935,0.00717895,-0.0194531,0.489564,0.0,0.0,0.0,-1.0
59660000,59660000,0.0130067,0.015128,-0.0155012,0.455831,0.0,0.0,0.0,-1.0
59760000,59760000,0.0103648,-0.000511436,0.00158599,0.465715,0.0,0.0,0.0,-1.0
59864000,59864000,0.000307947,-0.00699533,-0.00838222,0.418162,0.0,0.0,0.0,-1.0
59964000,59964000,-0.0109832,0.0130503,0.049744,0.400821,0.0,0.0,0.0,-1.0
60064000,60064000,-0.0235691,-0.000337639,0.0671674,0.476789,0.0,0.0,0.0,-1.0
60160000,60160000,-0.0176472,-0.0160948,0.0517972,0.487901,0.0,0.0,0.0,-1.0
60260000,60260000,-0.0128833,-0.0085284,0.0414431,0.488052,0.0,0.0,0.0,-1.0
60360000,60360000,-0.0153462,-0.00449001,0.0357924,0.489631,0.0,0.0,0.0,-1.0
60460000,60460000,-0.0134668,-0.00552304,0.0368874,0.489291,0.0,0.0,0.0,-1.0
60560000,60560000,-0.00119125,0.00669405,0.0412719,0.48877,0.0,0.0,0.0,-1.0
60660000,60660000,-0.0102288,-0.00505093,0.0659541,0.475858,0.0,0.0,0.0,-1.0
60760000,60760000,-0.00311894,-0.00628344,0.0464677,0.489214,0.0,0.0,0.0,-1.0
60864000,60864000,-0.00512055,-0.0138213,0.0546021,0.490768,0.0,0.0,0.0,-1.0
60960000,60960000,0.0034767,-0.00361491,0.0393841,0.490841,0.0,0.0,0.0,-1.0
61060000,61060000,-0.00158258,0.0109789,0.0361918,0.489486,0.0,0.0,0.0,-1.0
61160000,61160000,-0.00528571,0.0201616,0.0122951,0.489506,0.0,0.0,0.0,-1.0
61260000,61260000,-0.0110993,0.00972406,0.00740759,0.489318,0.0,0.0,0.0,-1.0
61360000,61360000,-0.00919182,0.00607173,-0.000644851,0.489037,0.0,0.0,0.0,-1.0
61464000,61464000,0.0019307,-0.00134994,0.00888823,0.490296,0.0,0.0,0.0,-1.0
61560000,61560000,0.00099275,-0.00227399,0.00736054,0.490404,0.0,0.0,0.0,-1.0
61660000,61660000,-0.000475335,-0.0107713,0.0145864,0.490501,0.0,0.0,0.0,-1.0
61760000,61760000,-0.00234064,-0.00816193,-0.00714458,0.490195,0.0,0.0,0.0,-1.0
61860000,61860000,-0.00138895,-0.012118,0.00499695,0.490673,0.0,0.0,0.0,-1.0
61964000,61964000,-0.00502843,0.00866634,-0.000299246,0.491241,0.0,0.0,0.0,-1.0
62064000,62064000,-0.0047893,0.00139048,0.00873782,0.491026,0.0,0.0,0.0,-1.0
62160000,62160000,0.00786776,-0.00938594,0.00129809,0.490507,0.0,0.0,0.0,-1.0
62260000,62260000,-0.00170453,-0.00397779,0.0164209,0.490407,0.0,0.0,0.0,-1.0
62360000,62360000,-0.00800237,-0.000577205,0.0162523,0.490976,0.0,0.0,0.0,-1.0
62460000,62460000,0.00620873,-0.000812734,-0.00274916,0.49067,0.0,0.0,0.0,-1.0
62564000,62564000,0.001269,0.00264087,-0.000700156,0.489796,0.0,0.0,0.0,-1.0
62664000,62664000,-0.00128293,-0.00644513,0.0042314,0.490775,0.0,0.0,0.0,-1.0
62760000,62760000,0.0034391,0.00262182,0.00223115,0.490047,0.0,0.0,0.0,-1.0
62860000,62860000,0.00260393,0.00297201,0.0066712,0.490601,0.0,0.0,0.0,-1.0
62960000,62960000,0.00107116,-0.0111968,-0.00686326,0.491316,0.0,0.0,0.0,-1.0
63060000,63060000,0.0120011,-0.00765173,-0.00369122,0.491443,0.0,0.0,0.0,-1.0
63160000,63160000,0.00476677,-0.0130246,-0.00869866,0.49165,0.0,0.0,0.0,-1.0
63260000,63260000,-0.098974,0.017163,0.498112,0.491068,0.0,0.0,0.0,-1.0
63364000,63364000,-0.122645,-0.00897974,0.431945,0.490952,0.0,0.0,0.0,-1.0
63464000,63464000,-0.0940248,-0.00674964,0.339281,0.493006,0.0,0.0,0.0,-1.0
63560000,63560000,-0.0599867,-0.00479953,0.245439,0.492585,0.0,0.0,0.0,-1.0
63660000,63660000,-0.0419556,-0.00034525,0.149735,0.490073,0.0,0.0,0.0,-1.0
63764000,63764000,-0.00372811,0.0072227,0.0655817,0.49036,0.0,0.0,0.0,-1.0
63860000,63860000,0.00249031,-0.00252612,0.00371486,0.489992,0.0,0.0,0.0,-1.0
63960000,63960000,0.0139756,-0.00721083,-0.0421772,0.490461,0.0,0.0,0.0,-1.0
64064000,64064000,0.0227074,-0.00123619,-0.072435,0.491766,0.0,0.0,0.0,-1.0
64164000,64164000,0.0269243,-0.00105159,-0.0883131,0.491047,0.0,0.0,0.0,-1.0
64260000,64260000,0.00839405,0.00164332,-0.089142,0.491242,0.0,0.0,0.0,-1.0
64360000,64360000,0.0263757,0.00315504,-0.077938,0.490693,0.0,0.0,0.0,-1.0
64460000,64460000,0.0127358,0.0165441,-0.0658737,0.490082,0.0,0.0,0.0,-1.0
64564000,64564000,0.0256264,0.00420956,-0.0491227,0.26896,0.0,0.0,0.0,-1.0
64660000,64660000,0.00223347,-0.025127,-0.0350608,0.440863,0.0,0.0,0.0,-1.0
64760000,64760000,0.00283209,-0.0121221,-0.0173367,0.488336,0.0,0.0,0.0,-1.0
64860000,64860000,-0.000319917,0.0164816,-0.00661332,0.491377,0.0,0.0,0.0,-1.0
64964000,64964000,-0.014072,-0.00493684,0.00308618,0.490327,0.0,0.0,0.0,-1.0
65064000,65064000,-0.00507763,0.000774039,0.0043084,0.491002,0.0,0.0,0.0,-1.0
65160000,65160000,-0.0011157,-0.000813651,0.0139065,0.490946,0.0,0.0,0.0,-1.0
65264000,65264000,-0.00401706,-0.00954955,0.0153105,0.491749,0.0,0.0,0.0,-1.0
65360000,65360000,-2.14463e-05,0.00444456,0.0118447,0.49208,0.0,0.0,0.0,-1.0
65460000,65460000,-0.00515737,-0.00336254,0.0105997,0.492457,0.0,0.0,0.0,-1.0
65560000,65560000,0.00474775,-0.0109503,0.0103935,0.492273,0.0,0.0,0.0,-1.0
65660000,65660000,-0.00585273,-0.0168901,0.00746342,0.49226,0.0,0.0,0.0,-1.0
65760000,65760000,-0.000898211,0.00459994,0.00342676,0.492348,0.0,0.0,0.0,-1.0
65860000,65860000,-0.00174516,0.0144633,0.00174109,0.492367,0.0,0.0,0.0,-1.0
65964000,65964000,0.0024917,-0.00216286,0.00274185,0.493015,0.0,0.0,0.0,-1.0
66060000,66060000,0.000156847,-0.00698446,0.00108718,0.493164,0.0,0.0,0.0,-1.0
66160000,66160000,-0.00269596,-0.00548048,0.000296076,0.492963,0.0,0.0,0.0,-1.0
66260000,66260000,-0.00291684,0.0135054,-0.00401687,0.492866,0.0,0.0,0.0,-1.0
66360000,66360000,0.00762107,0.00785824,0.000136779,0.492777,0.0,0.0,0.0,-1.0
66464000,66464000,-0.00482582,-0.0119019,0.000164515,0.49166,0.0,0.0,0.0,-1.0
66560000,66560000,-0.00102729,-0.018534,-0.0013995,0.491858,0.0,0.0,0.0,-1.0
66664000,66664000,-0.000365347,-0.00262769,-0.00118812,0.493057,0.0,0.0,0.0,-1.0
66764000,66764000,0.00109814,-0.0115624,-0.00212581,0.492197,0.0,0.0,0.0,-1.0
66864000,66864000,0.00200118,-0.00865329,0.00133946,0.490856,0.0,0.0,0.0,-1.0
66960000,66960000,0.00454453,0.0074958,-0.000343557,0.490702,0.0,0.0,0.0,-1.0
67060000,67060000,-0.000645969,-0.000715541,-0.000843066,0.490756,0.0,0.0,0.0,-1.0
67164000,67164000,-0.000633716,-0.00786325,-0.000980193,0.490468,0.0,0.0,0.0,-1.0
67264000,67264000,-0.00367733,-0.0138671,-0.0014199,0.490806,0.0,0.0,0.0,-1.0
67360000,67360000,-0.000200478,-0.0097252,-0.00250744,0.491644,0.0,0.0,0.0,-1.0
67460000,67460000,-0.00128242,-0.00162783,0.00114388,0.4914,0.0,0.0,0.0,-1.0
67564000,67564000,-0.00691808,0.00365843,0.00153524,0.490093,0.0,0.0,0.0,-1.0
67660000,67660000,-0.00224654,0.0142161,0.00178956,0.489972,0.0,0.0,0.0,-1.0
67764000,67764000,0.004274,-0.00585321,0.00328678,0.490307,0.0,0.0,0.0,-1.0
67860000,67860000,-0.00533966,0.0303387,-0.00102023,0.494965,0.0,0.0,0.0,-1.0
67960000,67960000,-0.00182174,-0.00753252,0.0020257,0.505505,0.0,0.0,0.0,-1.0
68060000,68060000,0.00654284,-0.0261709,0.00145726,0.509942,0.0,0.0,0.0,-1.0
68164000,68164000,0.00611165,-0.026744,-0.00264176,0.516699,0.0,0.0,0.0,-1.0
68260000,68260000,0.00323839,-0.0222546,0.00576112,0.526414,0.0,0.0,0.0,-1.0
68360000,68360000,-0.00151084,-0.094012,0.000100052,0.506413,0.0,0.0,0.0,-1.0
68460000,68460000,-0.00409551,-0.0365605,0.00117335,0.5179,0.0,0.0,0.0,-1.0
68564000,68564000,0.0011272,-0.00303864,-0.0042786,0.521256,0.0,0.0,0.0,-1.0
68660000,68660000,0.00164161,0.0271039,-0.00123428,0.499906,0.0,0.0,0.0,-1.0
68764000,68764000,-0.0024848,0.0351949,-0.00261422,0.492498,0.0,0.0,0.0,-1.0
68860000,68860000,0.000244334,0.0237824,0.000602915,0.497454,0.0,0.0,0.0,-1.0
68960000,68960000,-0.003721,0.0137696,-0.0013406,0.504302,0.0,0.0,0.0,-1.0
69060000,69060000,-0.00597142,-0.00226312,0.00106219,0.511221,0.0,0.0,0.0,-1.0
69160000,69160000,0.000975407,0.0264405,0.0021467,0.503933,0.0,0.0,0.0,-1.0
69260000,69260000,0.00680877,0.0111636,0.00392198,0.50234,0.0,0.0,0.0,-1.0
69364000,69364000,0.00458838,-0.00508436,-0.000376082,0.500579,0.0,0.0,0.0,-1.0
69460000,69460000,0.00592588,-0.0116525,-0.00189614,0.496912,0.0,0.0,0.0,-1.0
69560000,69560000,-0.00310546,-0.0119444,0.00142424,0.492957,0.0,0.0,0.0,-1.0
69660000,69660000,0.00143678,-0.00226758,-0.0002215,0.491817,0.0,0.0,0.0,-1.0
69764000,69764000,-0.00868589,0.00554789,-0.00112542,0.489498,0.0,0.0,0.0,-1.0
69864000,69864000,-0.00676292,0.00314781,0.000667999,0.489895,0.0,0.0,0.0,-1.0
69960000,69960000,-0.000239047,-0.00848638,-0.00151664,0.490695,0.0,0.0,0.0,-1.0
70060000,70060000,-0.0038991,-0.00872133,0.00274567,0.491626,0.0,0.0,0.0,-1.0
70160000,70160000,0.000869762,-0.0011853,2.94228e-05,0.491006,0.0,0.0,0.0,-1.0
70264000,70264000,0.00617458,-0.00766546,0.00399036,0.489772,0.0,0.0,0.0,-1.0
70360000,70360000,0.00300275,-0.015719,0.00158883,0.48935,0.0,0.0,0.0,-1.0
70464000,70464000,0.00572965,-0.00475265,-0.00162318,0.491198,0.0,0.0,0.0,-1.0
70560000,70560000,0.0114995,-0.00772,0.000677905,0.491174,0.0,0.0,0.0,-1.0
70664000,70664000,0.00720216,0.021102,-0.00199032,0.49255,0.0,0.0,0.0,-1.0
70760000,70760000,0.00503464,0.00776108,5.75191e-05,0.491158,0.0,0.0,0.0,-1.0
70864000,70864000,0.00436726,-0.00662315,0.00113651,0.490488,0.0,0.0,0.0,-1.0
70960000,70960000,-0.00194776,-0.00336062,0.00169412,0.491143,0.0,0.0,0.0,-1.0
71060000,71060000,-0.0100197,-0.00814366,-0.000497865,0.491763,0.0,0.0,0.0,-1.0
71164000,71164000,0.00329112,0.00303754,-0.00175695,0.491306,0.0,0.0,0.0,-1.0
71264000,71264000,0.00230041,-0.00348939,0.000524914,0.491125,0.0,0.0,0.0,-1.0
71360000,71360000,-0.00710556,-0.00534876,0.00135665,0.490312,0.0,0.0,0.0,-1.0
71460000,71460000,0.0103779,0.0016101,-0.000335627,0.490026,0.0,0.0,0.0,-1.0
71564000,71564000,0.00195129,0.00769552,-0.00259175,0.490148,0.0,0.0,0.0,-1.0
71660000,71660000,-0.00150212,0.00123479,0.00238497,0.490635,0.0,0.0,0.0,-1.0
71760000,71760000,0.00131219,0.00893239,-0.00320332,0.490444,0.0,0.0,0.0,-1.0
71864000,71864000,0.000578772,0.0105856,-0.00103405,0.490951,0.0,0.0,0.0,-1.0
71960000,71960000,-0.00188712,0.00579863,-0.000635134,0.490937,0.0,0.0,0.0,-1.0
72060000,72060000,-0.00556942,-0.00553578,0.000148761,0.490224,0.0,0.0,0.0,-1.0
72164000,72164000,-0.00747286,0.00238094,0.000303076,0.489699,0.0,0.0,0.0,-1.0
72260000,72260000,-0.00354079,0.00598736,-0.00217608,0.489989,0.0,0.0,0.0,-1.0
72364000,72364000,0.00881413,-0.00266678,0.000191475,0.489428,0.0,0.0,0.0,-1.0
72460000,72460000,0.00129013,8.63221e-05,0.00562929,0.489342,0.0,0.0,0.0,-1.0
72564000,72564000,8.53767e-05,0.0104554,0.00179994,0.489167,0.0,0.0,0.0,-1.0
72664000,72664000,-0.00484633,-0.00446209,0.0015358,0.489646,0.0,0.0,0.0,-1.0
72764000,72764000,0.0051729,0.000251565,0.000249235,0.490921,0.0,0.0,0.0,-1.0
72860000,72860000,0.00144482,-0.00336762,-0.000980936,0.490609,0.0,0.0,0.0,-1.0
72964000,72964000,0.00157971,0.00415188,-0.00213451,0.48979,0.0,0.0,0.0,-1.0
73064000,73064000,0.00111042,0.00617527,0.0043715,0.488915,0.0,0.0,0.0,-1.0
73160000,73160000,0.00409533,-0.00370829,0.00270592,0.489569,0.0,0.0,0.0,-1.0
73260000,73260000,0.00621487,-0.00854008,0.000559765,0.489155,0.0,0.0,0.0,-1.0
73360000,73360000,0.00124057,-0.00445444,0.00014973,0.489769,0.0,0.0,0.0,-1.0
73460000,73460000,0.00363137,0.00567314,0.000875654,0.489528,0.0,0.0,0.0,-1.0
73560000,73560000,-0.00422458,0.00669237,0.00123045,0.489706,0.0,0.0,0.0,-1.0
73660000,73660000,-0.000682491,-0.000380401,-0.0032377,0.489513,0.0,0.0,0.0,-1.0
73760000,73760000,0.00238952,-0.00148531,0.00371697,0.489781,0.0,0.0,0.0,-1.0
73860000,73860000,0.00688751,0.00098871,-0.00388457,0.488926,0.0,0.0,0.0,-1.0
73964000,73964000,-0.00960952,0.00893838,0.00103058,0.489215,0.0,0.0,0.0,-1.0
74060000,74060000,0.00202704,-0.0100351,-0.000616369,0.488519,0.0,0.0,0.0,-1.0
74160000,74160000,7.23254e-05,-0.0101412,-0.00339255,0.487756,0.0,0.0,0.0,-1.0
74264000,74264000,0.00580528,0.00346143,0.000665307,0.489956,0.0,0.0,0.0,-1.0
74360000,74360000,-0.000210532,-0.00890869,0.000477588,0.489782,0.0,0.0,0.0,-1.0
74460000,74460000,0.00319642,-0.013676,0.000525394,0.491089,0.0,0.0,0.0,-1.0
74560000,74560000,0.000900572,-0.000786635,-0.00135588,0.491209,0.0,0.0,0.0,-1.0
74664000,74664000,-0.000358786,0.00962356,-0.000387245,0.49084,0.0,0.0,0.0,-1.0
74764000,74764000,-0.00564176,-0.00422506,0.00038357,0.490424,0.0,0.0,0.0,-1.0
74860000,74860000,-0.00974799,-0.00880356,-0.000800332,0.491104,0.0,0.0,0.0,-1.0
74960000,74960000,-0.000307158,-0.00230795,-0.00182301,0.490443,0.0,0.0,0.0,-1.0
75064000,75064000,0.00942706,-0.00215483,0.00101718,0.490221,0.0,0.0,0.0,-1.0
75160000,75160000,0.00781687,-5.05825e-06,0.001151,0.490421,0.0,0.0,0.0,-1.0
75260000,75260000,0.00694158,-0.00239102,0.00180919,0.490371,0.0,0.0,0.0,-1.0
75364000,75364000,0.000164866,-0.00340581,0.000307178,0.490967,0.0,0.0,0.0,-1.0
75464000,75464000,0.00853612,0.00965387,8.63193e-05,0.491566,0.0,0.0,0.0,-1.0
75560000,75560000,0.00598586,0.00270818,-0.000367455,0.491822,0.0,0.0,0.0,-1.0
75660000,75660000,-0.00461967,-0.00866328,0.00410873,0.491318,0.0,0.0,0.0,-1.0
75764000,75764000,-0.00358406,0.00630807,0.00155259,0.490914,0.0,0.0,0.0,-1.0
75860000,75860000,0.00394609,0.0015179,0.000933239,0.490339,0.0,0.0,0.0,-1.0
75964000,75964000,0.00256991,0.0215948,0.00508108,0.489586,0.0,0.0,0.0,-1.0
76060000,76060000,-0.000685541,0.010038,0.00158532,0.489805,0.0,0.0,0.0,-1.0
76160000,76160000,-0.00178824,0.00402684,0.00347504,0.4906,0.0,0.0,0.0,-1.0
76260000,76260000,0.00382163,0.0039454,-0.00326539,0.489542,0.0,0.0,0.0,-1.0
76360000,76360000,0.00787782,-0.013772,-0.00175002,0.489749,0.0,0.0,0.0,-1.0
76460000,76460000,0.00431847,-0.0111996,-0.000266721,0.489822,0.0,0.0,0.0,-1.0
76560000,76560000,0.00363882,-0.00318149,-0.00311407,0.490354,0.0,0.0,0.0,-1.0
76664000,76664000,0.00434277,-0.000186055,0.00194159,0.49103,0.0,0.0,0.0,-1.0
76760000,76760000,0.00374599,-0.000648797,-0.000430832,0.490534,0.0,0.0,0.0,-1.0
76860000,76860000,0.000257164,0.0125347,-0.00289276,0.48991,0.0,0.0,0.0,-1.0
76960000,76960000,0.00671903,0.0170382,0.00309649,0.489702,0.0,0.0,0.0,-1.0
77060000,77060000,-0.00717729,0.00494071,-0.000147217,0.490625,0.0,0.0,0.0,-1.0
77160000,77160000,-0.00513024,0.000740278,0.00115237,0.491763,0.0,0.0,0.0,-1.0
77260000,77260000,-0.00333565,-0.00190067,-0.00176133,0.491709,0.0,0.0,0.0,-1.0
77360000,77360000,0.0063737,0.000808572,-7.364e-08,0.491573,0.0,0.0,0.0,-1.0
77460000,77460000,0.00786638,-0.00822602,0.0010666,0.491183,0.0,0.0,0.0,-1.0
77560000,77560000,-0.00593863,0.000188188,0.0217897,0.491138,0.0,0.0,0.0,-1.0
77660000,77660000,-0.00747231,0.00913213,0.0227938,0.490045,0.0,0.0,0.0,-1.0
77760000,77760000,-0.0069977,0.0146049,0.218557,0.48913,0.0,0.0,0.0,-1.0
77864000,77864000,-0.0569856,-0.00650988,0.226392,0.489802,0.0,0.0,0.0,-1.0
77964000,77964000,-0.0430062,-0.012248,-0.172065,0.490433,0.0,0.0,0.0,-1.0
78060000,78060000,0.0520146,-0.00729455,-0.171547,0.490187,0.0,0.0,0.0,-1.0
78164000,78164000,0.043946,-0.00564608,-0.142969,0.490444,0.0,0.0,0.0,-1.0
78260000,78260000,0.0339019,0.00836393,-0.115513,0.489978,0.0,0.0,0.0,-1.0
78364000,78364000,0.0240397,0.00709875,-0.0807864,0.490435,0.0,0.0,0.0,-1.0
78464000,78464000,0.00251735,-0.012618,-0.0461611,0.491327,0.0,0.0,0.0,-1.0
78564000,78564000,0.00926755,-0.0138478,-0.0189597,0.49126,0.0,0.0,0.0,-1.0
78664000,78664000,0.00105192,-0.00303588,0.0022746,0.491696,0.0,0.0,0.0,-1.0
78760000,78760000,-0.00045484,0.00661941,0.0165324,0.490515,0.0,0.0,0.0,-1.0
78864000,78864000,-0.00189157,-0.000383537,0.0300923,0.490963,0.0,0.0,0.0,-1.0
78960000,78960000,-0.00428704,0.00499762,0.0292696,0.490333,0.0,0.0,0.0,-1.0
79060000,79060000,-0.0101802,0.00190883,0.0280617,0.490539,0.0,0.0,0.0,-1.0
79164000,79164000,0.00369456,0.0079691,0.0264457,0.490757,0.0,0.0,0.0,-1.0
79260000,79260000,-0.00624339,0.00121125,0.0207882,0.490562,0.0,0.0,0.0,-1.0
79360000,79360000,-0.00206446,-0.0057084,0.0150544,0.490509,0.0,0.0,0.0,-1.0
79460000,79460000,-0.00883404,-6.35363e-05,0.0114785,0.490362,0.0,0.0,0.0,-1.0
79560000,79560000,0.00181804,-0.00112038,0.00353279,0.489732,0.0,0.0,0.0,-1.0
79664000,79664000,-0.00179452,0.00510125,-0.00176378,0.489408,0.0,0.0,0.0,-1.0
79760000,79760000,-0.00260429,-0.00585334,-0.000954708,0.489341,0.0,0.0,0.0,-1.0
79864000,79864000,0.000683489,0.00399462,-0.00273416,0.489842,0.0,0.0,0.0,-1.0
79960000,79960000,0.000758226,-0.00272678,-0.00423697,0.490423,0.0,0.0,0.0,-1.0
80060000,80060000,0.00383305,-0.00174005,-0.00362566,0.490014,0.0,0.0,0.0,-1.0
80160000,80160000,-0.00863432,-0.00942481,-0.00628757,0.490121,0.0,0.0,0.0,-1.0
80260000,80260000,0.00617213,-0.00126873,-0.000478897,0.48922,0.0,0.0,0.0,-1.0
80364000,80364000,0.00146571,0.0239064,-0.00429337,0.489285,0.0,0.0,0.0,-1.0
80460000,80460000,-0.0018308,0.0129054,-0.00543047,0.489463,0.0,0.0,0.0,-1.0
80560000,80560000,0.00462074,-0.00818898,0.000325197,0.489778,0.0,0.0,0.0,-1.0
80660000,80660000,-0.000378478,0.00420275,0.00061631,0.490437,0.0,0.0,0.0,-1.0
80760000,80760000,0.0027879,0.0356284,0.00156635,0.491083,0.0,0.0,0.0,-1.0
80860000,80860000,-0.00108982,0.0178059,0.00243659,0.500609,0.0,0.0,0.0,-1.0
80960000,80960000,0.00113259,-0.0298579,-0.00331422,0.50844,0.0,0.0,0.0,-1.0
81060000,81060000,0.00644587,-0.0141184,-0.00256799,0.518458,0.0,0.0,0.0,-1.0
81160000,81160000,0.00494597,-0.020422,-0.00484905,0.522793,0.0,0.0,0.0,-1.0
81260000,81260000,0.00419778,-0.00941842,0.00131035,0.534055,0.0,0.0,0.0,-1.0
81360000,81360000,-0.00108654,-0.0178904,-0.00300282,0.54259,0.0,0.0,0.0,-1.0
81460000,81460000,0.00403351,0.0031291,0.000837434,0.54964,0.0,0.0,0.0,-1.0
81564000,81564000,0.00109453,0.0309669,-0.000439857,0.558227,0.0,0.0,0.0,-1.0
81664000,81664000,-0.00455395,-0.00233329,8.87555e-05,0.553457,0.0,0.0,0.0,-1.0
81764000,81764000,0.00506413,0.00245898,0.00230492,0.556612,0.0,0.0,0.0,-1.0
81860000,81860000,0.00784715,0.0109098,0.00274123,0.556883,0.0,0.0,0.0,-1.0
81960000,81960000,0.000588657,-0.0101806,-0.00120312,0.558109,0.0,0.0,0.0,-1.0
82064000,82064000,0.00191717,0.0163849,0.00093518,0.569156,0.0,0.0,0.0,-1.0
82164000,82164000,0.000884256,0.0255365,0.000325487,0.570345,0.0,0.0,0.0,-1.0
82260000,82260000,-0.00312171,0.00882383,-0.00367669,0.571729,0.0,0.0,0.0,-1.0
82360000,82360000,0.0031714,-0.00336792,-0.0013055,0.568261,0.0,0.0,0.0,-1.0
82464000,82464000,0.00217787,-0.000350668,0.00153629,0.569115,0.0,0.0,0.0,-1.0
82560000,82560000,0.00435179,-0.00294915,0.00263397,0.571302,0.0,0.0,0.0,-1.0
82664000,82664000,0.00547946,0.00631977,0.00128153,0.573301,0.0,0.0,0.0,-1.0
82760000,82760000,-0.000519988,-0.00859872,-0.00167629,0.565668,0.0,0.0,0.0,-1.0
82860000,82860000,-0.00233065,-0.00889526,0.00691714,0.546833,0.0,0.0,0.0,-1.0
82960000,82960000,0.00386293,-0.00991686,0.00348435,0.540036,0.0,0.0,0.0,-1.0
83060000,83060000,0.0103633,0.00324432,0.00437731,0.529051,0.0,0.0,0.0,-1.0
83160000,83160000,0.00962339,0.00485318,0.00343729,0.515345,0.0,0.0,0.0,-1.0
83260000,83260000,-0.0101079,0.00967172,-0.00128269,0.506218,0.0,0.0,0.0,-1.0
83360000,83360000,-0.000475599,0.00117179,-0.00204889,0.501912,0.0,0.0,0.0,-1.0
83464000,83464000,0.00110221,0.00320329,-0.00278483,0.499666,0.0,0.0,0.0,-1.0
83560000,83560000,-0.00430196,-0.00707499,0.00287091,0.499017,0.0,0.0,0.0,-1.0
83660000,83660000,0.0108946,-0.006341,-0.00233576,0.498104,0.0,0.0,0.0,-1.0
83764000,83764000,0.000626995,0.00193392,-0.000600873,0.49821,0.0,0.0,0.0,-1.0
83860000,83860000,0.00174828,-0.000878725,-0.00340115,0.497802,0.0,0.0,0.0,-1.0
83964000,83964000,-0.0043183,-0.0069548,-0.00455122,0.498781,0.0,0.0,0.0,-1.0
84064000,84064000,0.00490553,7.92195e-05,-0.00197253,0.498251,0.0,0.0,0.0,-1.0
84160000,84160000,0.056791,-0.0121215,-0.00100888,0.498298,0.0,0.0,0.0,-1.0
84260000,84260000,0.00137609,-0.0617162,0.00720992,0.499689,0.0,0.0,0.0,-1.0
84364000,84364000,-0.0259749,-0.00735174,0.010037,0.503422,0.0,0.0,0.0,-1.0
84460000,84460000,-0.0155416,0.0132206,0.0103434,0.505814,0.0,0.0,0.0,-1.0
84560000,84560000,0.00169913,-0.0199611,0.00785967,0.511894,0.0,0.0,0.0,-1.0
84660000,84660000,-0.00340495,-0.0118002,-0.000528762,0.518563,0.0,0.0,0.0,-1.0
84760000,84760000,0.0106367,-0.0237918,0.00263931,0.525172,0.0,0.0,0.0,-1.0
84864000,84864000,0.000258145,0.0162508,-0.00734094,0.527722,0.0,0.0,0.0,-1.0
84960000,84960000,0.00819854,0.0107145,-0.00542225,0.53321,0.0,0.0,0.0,-1.0
85064000,85064000,-0.000703361,-0.00750906,-0.00498538,0.541725,0.0,0.0,0.0,-1.0
85160000,85160000,0.00721377,0.00939671,-0.00952576,0.531073,0.0,0.0,0.0,-1.0
85260000,85260000,0.000652579,-0.00129365,-0.00387335,0.528223,0.0,0.0,0.0,-1.0
85364000,85364000,0.000436679,0.0113326,-0.003174,0.525943,0.0,0.0,0.0,-1.0
85460000,85460000,-0.0011787,0.0130246,-0.00390598,0.523035,0.0,0.0,0.0,-1.0
85560000,85560000,3.13281e-05,0.0208983,0.000597868,0.518362,0.0,0.0,0.0,-1.0
85664000,85664000,-0.00325585,-0.0139152,-0.00213324,0.51686,0.0,0.0,0.0,-1.0
85760000,85760000,0.00160552,-0.0100118,-0.00217061,0.516101,0.0,0.0,0.0,-1.0
85860000,85860000,-0.0026197,-0.0190997,0.00176565,0.516683,0.0,0.0,0.0,-1.0
85964000,85964000,0.00342807,0.0103879,1.9975e-05,0.514311,0.0,0.0,0.0,-1.0
86060000,86060000,-0.00750612,0.014877,0.00218842,0.514684,0.0,0.0,0.0,-1.0
86160000,86160000,-0.000786353,0.012389,0.0043924,0.514211,0.0,0.0,0.0,-1.0
86264000,86264000,0.00170154,0.00283994,4.55096e-05,0.517173,0.0,0.0,0.0,-1.0
86364000,86364000,-0.00221033,-0.0154579,0.00250493,0.517379,0.0,0.0,0.0,-1.0
86460000,86460000,0.00227216,-0.0112606,0.0017665,0.518029,0.0,0.0,0.0,-1.0
86560000,86560000,0.00138005,0.00206562,0.00196829,0.514459,0.0,0.0,0.0,-1.0
86664000,86664000,-0.00118318,-0.0159083,-0.000313816,0.513339,0.0,0.0,0.0,-1.0
86760000,86760000,-0.00430946,-0.0253097,-0.000488187,0.523505,0.0,0.0,0.0,-1.0
86860000,86860000,0.00335672,0.0108561,-0.000374693,0.529164,0.0,0.0,0.0,-1.0
86960000,86960000,0.010195,-0.00706854,-0.0067437,0.537971,0.0,0.0,0.0,-1.0
87060000,87060000,0.00484876,0.00641887,-0.0011456,0.544939,0.0,0.0,0.0,-1.0
87164000,87164000,-0.00100084,0.0167678,0.00208059,0.545757,0.0,0.0,0.0,-1.0
87264000,87264000,0.00508692,0.0148755,-0.00168651,0.550126,0.0,0.0,0.0,-1.0
87364000,87364000,0.000795548,0.00521472,0.00192453,0.553462,0.0,0.0,0.0,-1.0
87460000,87460000,0.0129001,0.0182194,-0.000595398,0.555268,0.0,0.0,0.0,-1.0
87560000,87560000,-0.00381576,0.0147154,-0.00108106,0.557322,0.0,0.0,0.0,-1.0
87660000,87660000,-0.00350056,-0.00830872,-0.00402554,0.56521,0.0,0.0,0.0,-1.0
87760000,87760000,0.00131096,-0.0129888,0.00218542,0.565171,0.0,0.0,0.0,-1.0
87860000,87860000,-3.88642e-05,0.0261761,0.00191801,0.560402,0.0,0.0,0.0,-1.0
87960000,87960000,-0.00285901,0.0188668,-0.0014806,0.562063,0.0,0.0,0.0,-1.0
88060000,88060000,-0.00125141,0.0294996,0.00134,0.562444,0.0,0.0,0.0,-1.0
88160000,88160000,0.00099982,-0.00167006,-0.004647,0.570762,0.0,0.0,0.0,-1.0
88260000,88260000,-0.00143453,0.00241774,0.00152613,0.572441,0.0,0.0,0.0,-1.0
88364000,88364000,0.00429596,0.0147575,0.00109126,0.567564,0.0,0.0,0.0,-1.0
88464000,88464000,0.00405022,0.00185213,-0.00130338,0.570137,0.0,0.0,0.0,-1.0
88564000,88564000,-0.00475733,0.0135909,0.00271109,0.571788,0.0,0.0,0.0,-1.0
88660000,88660000,-0.00164622,0.0235855,-0.0014288,0.575011,0.0,0.0,0.0,-1.0
88760000,88760000,-0.000194683,-0.0273601,0.00126958,0.583756,0.0,0.0,0.0,-1.0
88864000,88864000,-0.00592746,0.0276664,0.00351033,0.555471,0.0,0.0,0.0,-1.0
88960000,88960000,0.0064741,0.0339777,0.00144803,0.546709,0.0,0.0,0.0,-1.0
89064000,89064000,0.00198242,0.00394156,-0.0026223,0.542677,0.0,0.0,0.0,-1.0
89160000,89160000,-0.0019209,-0.0115889,0.00170061,0.529831,0.0,0.0,0.0,-1.0
89260000,89260000,-0.00488322,-0.00597704,0.00138461,0.517165,0.0,0.0,0.0,-1.0
89360000,89360000,0.0024631,-0.0152679,-0.001745,0.509069,0.0,0.0,0.0,-1.0
89460000,89460000,0.00263942,-0.0137738,-0.00303252,0.505372,0.0,0.0,0.0,-1.0
89564000,89564000,-0.0086486,-0.00735792,-0.00278037,0.503443,0.0,0.0,0.0,-1.0
89660000,89660000,-0.00497694,-0.00683456,-0.00338044,0.502604,0.0,0.0,0.0,-1.0
89764000,89764000,-0.000886404,-8.32232e-05,0.00268333,0.501395,0.0,0.0,0.0,-1.0
89864000,89864000,0.00187755,0.00203167,-0.00205781,0.501554,0.0,0.0,0.0,-1.0
89960000,89960000,-0.00074196,-0.0010698,0.000990216,0.500884,0.0,0.0,0.0,-1.0
90060000,90060000,-0.0017638,-0.000651544,0.00123096,0.501013,0.0,0.0,0.0,-1.0
90160000,90160000,0.000517438,-0.00749198,-0.000262306,0.499919,0.0,0.0,0.0,-1.0
90260000,90260000,-0.001408,0.000352378,0.00174053,0.498829,0.0,0.0,0.0,-1.0
90364000,90364000,-0.0108331,0.000127198,-0.00671957,0.498039,0.0,0.0,0.0,-1.0
90464000,90464000,0.00498484,-0.0141402,0.000638276,0.497269,0.0,0.0,0.0,-1.0
90560000,90560000,-0.00407933,-0.00917165,-0.00243881,0.497192,0.0,0.0,0.0,-1.0
90660000,90660000,0.00216951,-0.00900812,-0.000411818,0.495769,0.0,0.0,0.0,-1.0
90764000,90764000,0.00603884,0.0112138,-0.00328629,0.495922,0.0,0.0,0.0,-1.0
90864000,90864000,0.00404637,-0.0015421,-0.000728929,0.495521,0.0,0.0,0.0,-1.0
90960000,90960000,-0.00222633,0.00307935,0.000185891,0.495429,0.0,0.0,0.0,-1.0
91060000,91060000,-0.00374727,0.000147763,-0.00205981,0.49369,0.0,0.0,0.0,-1.0
91160000,91160000,0.000578287,0.0119551,-0.00144383,0.493164,0.0,0.0,0.0,-1.0
91260000,91260000,-0.00128223,-0.00759274,0.000269168,0.493921,0.0,0.0,0.0,-1.0
91360000,91360000,0.00466937,-0.00899696,0.00231896,0.493225,0.0,0.0,0.0,-1.0
91460000,91460000,0.00404108,-0.00873508,0.000648412,0.492521,0.0,0.0,0.0,-1.0
91560000,91560000,0.00758628,-0.010259,-0.000784108,0.492314,0.0,0.0,0.0,-1.0
91664000,91664000,0.00313995,0.0101003,0.000202614,0.49028,0.0,0.0,0.0,-1.0
91760000,91760000,0.00437858,0.00581953,0.00201835,0.490342,0.0,0.0,0.0,-1.0
91860000,91860000,0.00143139,0.00602999,0.00024756,0.491774,0.0,0.0,0.0,-1.0
91960000,91960000,-0.00467592,-0.00229643,-0.00189783,0.491541,0.0,0.0,0.0,-1.0
92064000,92064000,-0.00272051,-0.00625053,0.00142143,0.491264,0.0,0.0,0.0,-1.0
92164000,92164000,-0.0113326,-0.000739286,0.000673515,0.490984,0.0,0.0,0.0,-1.0
92260000,92260000,0.00444799,0.00332405,-0.000395554,0.491286,0.0,0.0,0.0,-1.0
92364000,92364000,-0.00246352,-0.00114782,0.000586673,0.491296,0.0,0.0,0.0,-1.0
92460000,92460000,0.0533052,0.0139601,-6.53764e-05,0.496804,0.0,0.0,0.0,-1.0
92560000,92560000,0.0256088,0.0215669,-0.00421801,0.505343,0.0,0.0,0.0,-1.0
92660000,92660000,-0.0207456,-0.0031915,-0.00972747,0.507309,0.0,0.0,0.0,-1.0
92764000,92764000,-0.0296662,0.0143376,-0.0160628,0.510955,0.0,0.0,0.0,-1.0
92860000,92860000,-0.0229225,-0.00702218,-0.0203718,0.521915,0.0,0.0,0.0,-1.0
92960000,92960000,-0.0144021,-0.0282307,-0.0199845,0.530214,0.0,0.0,0.0,-1.0
93060000,93060000,0.0224979,0.00622403,-0.0222581,0.541995,0.0,0.0,0.0,-1.0
93160000,93160000,-0.0116601,-0.00458673,-0.0090081,0.53732,0.0,0.0,0.0,-1.0
93260000,93260000,0.00788482,-0.00607862,0.000433753,0.539914,0.0,0.0,0.0,-1.0
93360000,93360000,-0.00137787,-0.0113287,0.00688882,0.541541,0.0,0.0,0.0,-1.0
93460000,93460000,-0.0111285,-0.0167922,0.0132598,0.543007,0.0,0.0,0.0,-1.0
93560000,93560000,0.00215623,0.0029229,0.0151423,0.551004,0.0,0.0,0.0,-1.0
93664000,93664000,-0.0103326,-0.00390622,0.0190645,0.548524,0.0,0.0,0.0,-1.0
93764000,93764000,-0.00439681,0.00469299,0.0165278,0.551132,0.0,0.0,0.0,-1.0
93864000,93864000,-0.010149,-0.0202141,0.0155467,0.552309,0.0,0.0,0.0,-1.0
93964000,93964000,-0.00587441,-0.00796799,0.0122465,0.553122,0.0,0.0,0.0,-1.0
94064000,94064000,0.00630865,-0.000584974,0.00672262,0.559597,0.0,0.0,0.0,-1.0
94164000,94164000,0.00625,0.00810598,0.0049606,0.56101,0.0,0.0,0.0,-1.0
94260000,94260000,0.00550258,0.00706699,0.00433671,0.561636,0.0,0.0,0.0,-1.0
94360000,94360000,0.000204869,0.00372545,0.00349868,0.556697,0.0,0.0,0.0,-1.0
94460000,94460000,-0.0156586,0.00555763,0.000317362,0.559022,0.0,0.0,0.0,-1.0
94560000,94560000,-0.00305052,-0.0142512,0.00227217,0.558512,0.0,0.0,0.0,-1.0
94660000,94660000,0.000974326,-0.00155083,0.00126498,0.560964,0.0,0.0,0.0,-1.0
94760000,94760000,0.0069348,0.046985,-0.00334472,0.570328,0.0,0.0,0.0,-1.0
94864000,94864000,-0.00288603,0.00396816,0.000691191,0.56632,0.0,0.0,0.0,-1.0
94960000,94960000,-0.0034531,0.00275177,-0.000102874,0.566201,0.0,0.0,0.0,-1.0
95060000,95060000,-0.00150429,-0.013195,-0.00168644,0.567126,0.0,0.0,0.0,-1.0
95164000,95164000,-0.00355957,-0.0242574,-0.000865707,0.570398,0.0,0.0,0.0,-1.0
95260000,95260000,-0.00614384,0.00492753,0.000907972,0.573227,0.0,0.0,0.0,-1.0
95360000,95360000,-0.0331813,-0.00688772,0.0266524,0.545791,0.0,0.0,0.0,-1.0
95460000,95460000,-0.0100268,0.021475,0.0291715,0.542663,0.0,0.0,0.0,-1.0
95560000,95560000,-0.00192021,0.0129368,0.0181918,0.531122,0.0,0.0,0.0,-1.0
95660000,95660000,0.0105061,0.0171589,0.00964245,0.51757,0.0,0.0,0.0,-1.0
95760000,95760000,0.0143638,0.0172906,0.00258837,0.5082,0.0,0.0,0.0,-1.0
95864000,95864000,0.014562,0.0035492,-0.00921404,0.502687,0.0,0.0,0.0,-1.0
95964000,95964000,-0.0018263,-0.00246199,-0.00927965,0.50179,0.0,0.0,0.0,-1.0
96064000,96064000,0.00230575,0.00107326,-0.0143266,0.501175,0.0,0.0,0.0,-1.0
96160000,96160000,0.00469748,0.0117927,-0.0136818,0.499842,0.0,0.0,0.0,-1.0
96260000,96260000,0.00531917,0.00195021,-0.0119318,0.500175,0.0,0.0,0.0,-1.0
96360000,96360000,0.00734827,-0.00636725,-0.00947472,0.500601,0.0,0.0,0.0,-1.0
96460000,96460000,0.0142901,-0.00706814,-0.0111531,0.499386,0.0,0.0,0.0,-1.0
96560000,96560000,-0.00515485,0.00145732,-0.0053507,0.50011,0.0,0.0,0.0,-1.0
96660000,96660000,-0.00821611,-0.0133783,-0.00128282,0.499453,0.0,0.0,0.0,-1.0
96760000,96760000,0.00976888,0.00201968,-0.00307297,0.500161,0.0,0.0,0.0,-1.0
96860000,96860000,0.00292102,-0.00567588,-0.00112783,0.498779,0.0,0.0,0.0,-1.0
96964000,96964000,0.00194777,-0.041409,0.00743548,0.49871,0.0,0.0,0.0,-1.0
97060000,97060000,0.00379494,0.0020636,0.00473364,0.497866,0.0,0.0,0.0,-1.0
97160000,97160000,-0.00614513,0.00284251,0.00253122,0.496423,0.0,0.0,0.0,-1.0
97264000,97264000,-0.00093874,0.0200028,-4.83844e-05,0.497829,0.0,0.0,0.0,-1.0
97360000,97360000,-0.000751244,0.0117321,0.00163305,0.497371,0.0,0.0,0.0,-1.0
97460000,97460000,0.0143969,0.00244914,-0.00187531,0.497936,0.0,0.0,0.0,-1.0
97560000,97560000,0.00562167,-0.00144411,-0.00144641,0.49767,0.0,0.0,0.0,-1.0
97660000,97660000,0.00636616,0.00745427,-0.00241276,0.497117,0.0,0.0,0.0,-1.0
97764000,97764000,0.00250501,-0.00483096,-0.00034009,0.495983,0.0,0.0,0.0,-1.0
97860000,97860000,-0.00127916,-0.00141966,-0.00303834,0.495915,0.0,0.0,0.0,-1.0
97960000,97960000,0.0136096,0.000294351,0.00295399,0.494971,0.0,0.0,0.0,-1.0
98064000,98064000,-0.020963,0.0148906,-0.00203439,0.492874,0.0,0.0,0.0,-1.0
98164000,98164000,-0.0215559,0.0170777,0.0011025,0.494923,0.0,0.0,0.0,-1.0
98260000,98260000,0.00514955,0.00347435,-0.000701737,0.494692,0.0,0.0,0.0,-1.0
98360000,98360000,0.00290094,0.0055273,-0.000962776,0.491984,0.0,0.0,0.0,-1.0
98460000,98460000,-0.0185357,0.0347819,-0.00232385,0.49717,0.0,0.0,0.0,-1.0
98560000,98560000,0.00378448,0.0164483,0.00469852,0.50146,0.0,0.0,0.0,-1.0
98660000,98660000,0.0138679,-0.00810706,0.00726115,0.505052,0.0,0.0,0.0,-1.0
98760000,98760000,0.0346452,-0.00729057,-0.00104689,0.502131,0.0,0.0,0.0,-1.0
98860000,98860000,0.0100478,0.00638786,0.000921767,0.508294,0.0,0.0,0.0,-1.0
98960000,98960000,-0.0231818,0.00012352,-0.000795582,0.520327,0.0,0.0,0.0,-1.0
99060000,99060000,-0.0131805,-0.00293499,0.000522572,0.519625,0.0,0.0,0.0,-1.0
99160000,99160000,-0.0125846,0.0053017,0.00222969,0.521257,0.0,0.0,0.0,-1.0
99264000,99264000,0.00948915,-0.0138314,0.00107837,0.52525,0.0,0.0,0.0,-1.0
99360000,99360000,0.0116398,-0.0175793,0.00593234,0.531864,0.0,0.0,0.0,-1.0
99460000,99460000,-0.00837062,0.00405265,0.000406893,0.543322,0.0,0.0,0.0,-1.0
99560000,99560000,-0.015793,0.0132767,-0.00352342,0.54781,0.0,0.0,0.0,-1.0
99664000,99664000,0.00956614,0.0060913,-0.00707404,0.544584,0.0,0.0,0.0,-1.0
99760000,99760000,-0.000511824,-0.000693141,-0.000642714,0.545622,0.0,0.0,0.0,-1.0
99864000,99864000,0.0169105,-0.00894376,-0.00150224,0.54661,0.0,0.0,0.0,-1.0
99964000,99964000,-0.0129639,0.0134618,0.000142656,0.554278,0.0,0.0,0.0,-1.0
100060000,100060000,0.00266683,0.00330939,0.0011242,0.550039,0.0,0.0,0.0,-1.0
100160000,100160000,-0.0141804,0.00193327,0.00242386,0.55754,0.0,0.0,0.0,-1.0
100264000,100264000,0.000127162,-0.00890424,-0.00437262,0.552504,0.0,0.0,0.0,-1.0
100364000,100364000,0.00396975,-0.00484375,-0.00315068,0.5531,0.0,0.0,0.0,-1.0
100464000,100464000,0.0132562,0.00563856,-0.000349221,0.554792,0.0,0.0,0.0,-1.0
100564000,100564000,-0.0126635,0.011758,0.00338699,0.562513,0.0,0.0,0.0,-1.0
100664000,100664000,-0.0231086,0.00186092,0.00137398,0.563501,0.0,0.0,0.0,-1.0
100764000,100764000,0.00757485,-0.00218593,-0.00267614,0.557387,0.0,0.0,0.0,-1.0
100864000,100864000,0.00694183,-0.00411338,0.00125615,0.557897,0.0,0.0,0.0,-1.0
100964000,100964000,0.00391019,-0.0106275,-0.00188727,0.560074,0.0,0.0,0.0,-1.0
101064000,101064000,0.0108703,-0.0146305,-0.00109751,0.559825,0.0,0.0,0.0,-1.0
101164000,101164000,-0.0149589,0.0115593,0.00240142,0.566603,0.0,0.0,0.0,-1.0
101264000,101264000,-0.0164607,0.0157944,-0.00256146,0.568989,0.0,0.0,0.0,-1.0
101364000,101364000,0.0141227,0.00705198,0.00174886,0.562911,0.0,0.0,0.0,-1.0
101464000,101464000,0.00803916,0.00200262,0.00109035,0.564705,0.0,0.0,0.0,-1.0
101564000,101564000,0.00189417,-0.00245137,0.00291635,0.565849,0.0,0.0,0.0,-1.0
101664000,101664000,0.0110597,-0.00649784,0.0022448,0.568835,0.0,0.0,0.0,-1.0
101760000,101760000,0.011351,-0.0216603,-0.000622119,0.572377,0.0,0.0,0.0,-1.0
101860000,101860000,-0.00761943,-0.000385561,0.00269211,0.580839,0.0,0.0,0.0,-1.0
101964000,101964000,-0.00562735,0.00136258,0.000928136,0.57712,0.0,0.0,0.0,-1.0
102064000,102064000,0.0410843,-0.00410669,-0.00870577,0.562283,0.0,0.0,0.0,-1.0
102164000,102164000,0.0331056,0.000169852,-0.0200657,0.549948,0.0,0.0,0.0,-1.0
102264000,102264000,0.010974,-0.00427776,-0.0130115,0.546209,0.0,0.0,0.0,-1.0
102360000,102360000,-0.00688089,0.0141775,-0.00973358,0.535679,0.0,0.0,0.0,-1.0
102464000,102464000,-0.0342098,0.0146106,-0.00269516,0.520679,0.0,0.0,0.0,-1.0
102560000,102560000,-0.0124753,0.0100609,0.00174561,0.511431,0.0,0.0,0.0,-1.0
102660000,102660000,-0.00862614,-0.00170138,0.000996638,0.506195,0.0,0.0,0.0,-1.0
102760000,102760000,-0.00741916,0.000729174,0.00953224,0.504583,0.0,0.0,0.0,-1.0
102860000,102860000,-0.000342009,-0.003705,0.00773821,0.504566,0.0,0.0,0.0,-1.0
102964000,102964000,0.00146113,0.000807275,0.00683417,0.502796,0.0,0.0,0.0,-1.0
103064000,103064000,-0.0104517,-0.0121198,0.00949096,0.502788,0.0,0.0,0.0,-1.0
103164000,103164000,-0.00483475,0.00527651,0.00423676,0.501301,0.0,0.0,0.0,-1.0
103260000,103260000,-0.00246284,0.00207974,0.00618105,0.500424,0.0,0.0,0.0,-1.0
103360000,103360000,0.00515893,0.00370587,0.00430774,0.499396,0.0,0.0,0.0,-1.0
103464000,103464000,-0.00311455,0.00638137,0.0032612,0.500173,0.0,0.0,0.0,-1.0
103560000,103560000,0.00189782,-0.00301599,0.00181613,0.498391,0.0,0.0,0.0,-1.0
103664000,103664000,0.00636327,0.01134,0.00190088,0.497945,0.0,0.0,0.0,-1.0
103760000,103760000,0.00302227,0.0034415,0.00158474,0.498641,0.0,0.0,0.0,-1.0
103864000,103864000,-0.00527113,0.0116255,0.000979874,0.496849,0.0,0.0,0.0,-1.0
103960000,103960000,-0.00453899,0.000260432,-0.00112562,0.496657,0.0,0.0,0.0,-1.0
104064000,104064000,0.00207878,0.00913496,-0.00115993,0.496608,0.0,0.0,0.0,-1.0
104160000,104160000,0.00289069,0.00372115,-0.000930185,0.496405,0.0,0.0,0.0,-1.0
104260000,104260000,0.00237074,-0.010086,-0.00370054,0.496094,0.0,0.0,0.0,-1.0
104360000,104360000,-0.00328079,-0.00724735,-0.0027772,0.494968,0.0,0.0,0.0,-1.0
104460000,104460000,0.0013737,0.00448752,0.00080546,0.494746,0.0,0.0,0.0,-1.0
104560000,104560000,-0.0053885,0.000143889,0.00186472,0.493803,0.0,0.0,0.0,-1.0
104660000,104660000,-0.00267344,-0.0180976,0.000282163,0.493695,0.0,0.0,0.0,-1.0
104760000,104760000,-0.00241742,-0.0187936,0.00191264,0.494155,0.0,0.0,0.0,-1.0
104860000,104860000,0.00660368,0.00540711,-0.000838676,0.492969,0.0,0.0,0.0,-1.0
104964000,104964000,0.0105705,0.012966,0.000223658,0.492932,0.0,0.0,0.0,-1.0
105064000,105064000,-0.00214682,0.000426748,-0.00106184,0.49269,0.0,0.0,0.0,-1.0
105160000,105160000,-0.00489289,-0.00800714,0.00224638,0.493229,0.0,0.0,0.0,-1.0
105264000,105264000,-0.00147392,-0.00717384,0.000169023,0.492707,0.0,0.0,0.0,-1.0
105360000,105360000,0.000846343,-0.000998344,-0.0039708,0.491851,0.0,0.0,0.0,-1.0
105464000,105464000,-0.00137171,-0.0100608,-0.00105368,0.492987,0.0,0.0,0.0,-1.0
105560000,105560000,0.00977816,-0.00394427,-0.000746033,0.492633,0.0,0.0,0.0,-1.0
105660000,105660000,0.00252633,0.0126042,-0.000866143,0.494477,0.0,0.0,0.0,-1.0
105764000,105764000,-0.0264175,-0.0224449,-0.00914136,0.497967,0.0,0.0,0.0,-1.0
105860000,105860000,0.0345829,0.0239828,-0.0148614,0.490929,0.0,0.0,0.0,-1.0
105960000,105960000,0.0253094,0.018902,-0.00482514,0.489037,0.0,0.0,0.0,-1.0
106060000,106060000,0.00292176,0.00308638,-0.00432706,0.492536,0.0,0.0,0.0,-1.0
106164000,106164000,-0.0190844,-0.00285556,0.000809466,0.490421,0.0,0.0,0.0,-1.0
106260000,106260000,-0.0239081,-0.00537944,0.00412038,0.491325,0.0,0.0,0.0,-1.0
106364000,106364000,-0.0260865,0.00449259,0.00771664,0.492303,0.0,0.0,0.0,-1.0
106464000,106464000,-0.0160121,0.00568127,0.00644759,0.494707,0.0,0.0,0.0,-1.0
106560000,106560000,-0.00511363,0.00583843,0.00673766,0.49555,0.0,0.0,0.0,-1.0
106660000,106660000,-0.00636558,0.0135274,0.00648742,0.496919,0.0,0.0,0.0,-1.0
106760000,106760000,0.0112192,0.00686415,0.00143504,0.500236,0.0,0.0,0.0,-1.0
106864000,106864000,-0.000703567,0.00333591,0.00447744,0.498991,0.0,0.0,0.0,-1.0
106960000,106960000,-0.00368338,0.00136619,0.000943511,0.50197,0.0,0.0,0.0,-1.0
107060000,107060000,-0.00242063,-0.00465548,0.000243972,0.504122,0.0,0.0,0.0,-1.0
107160000,107160000,-0.0178859,-0.0186859,0.00168205,0.50431,0.0,0.0,0.0,-1.0
107264000,107264000,0.00566481,-0.00126736,0.00316648,0.508155,0.0,0.0,0.0,-1.0
107360000,107360000,0.0272062,-0.00196678,0.00180427,0.512159,0.0,0.0,0.0,-1.0
107464000,107464000,0.00488981,0.0061087,0.00605253,0.517479,0.0,0.0,0.0,-1.0
107560000,107560000,-0.000857524,0.00027914,0.00360493,0.521898,0.0,0.0,0.0,-1.0
107660000,107660000,-0.0234783,-0.000241778,0.00746613,0.527476,0.0,0.0,0.0,-1.0
107760000,107760000,-0.0311119,0.00144258,0.00481705,0.535398,0.0,0.0,0.0,-1.0
107864000,107864000,0.00159752,-0.00430841,0.00221903,0.548449,0.0,0.0,0.0,-1.0
107964000,107964000,-0.00736488,-0.00838577,-0.00256628,0.548293,0.0,0.0,0.0,-1.0
108060000,108060000,-0.00628741,-0.00242142,-0.00281663,0.551791,0.0,0.0,0.0,-1.0
108160000,108160000,0.00224203,0.0108196,-0.00380065,0.552252,0.0,0.0,0.0,-1.0
108264000,108264000,-0.00366511,-0.00562001,-0.0040732,0.552411,0.0,0.0,0.0,-1.0
108364000,108364000,0.0245456,-0.00743185,0.000234783,0.560375,0.0,0.0,0.0,-1.0
108464000,108464000,0.00987679,-0.00922483,0.00144445,0.561065,0.0,0.0,0.0,-1.0
108564000,108564000,-0.00636608,0.0134425,-0.00427433,0.555549,0.0,0.0,0.0,-1.0
108664000,108664000,-0.00629147,0.00246981,-0.00381483,0.557697,0.0,0.0,0.0,-1.0
108764000,108764000,-0.00585136,0.00178814,-0.00234254,0.558561,0.0,0.0,0.0,-1.0
108864000,108864000,-0.0189161,-0.00164236,-0.00321844,0.559063,0.0,0.0,0.0,-1.0
108964000,108964000,0.00562516,-0.00609086,0.000556947,0.566571,0.0,0.0,0.0,-1.0
109060000,109060000,0.00933125,0.0159841,-0.000546459,0.569102,0.0,0.0,0.0,-1.0
109160000,109160000,0.00807086,-0.00172835,0.0018941,0.569864,0.0,0.0,0.0,-1.0
109260000,109260000,-0.0126278,-0.0170932,0.00164625,0.564676,0.0,0.0,0.0,-1.0
109364000,109364000,1.76118e-05,-0.00979227,-0.00220035,0.565536,0.0,0.0,0.0,-1.0
109460000,109460000,-0.0151517,-0.0132162,0.0011079,0.566467,0.0,0.0,0.0,-1.0
109560000,109560000,-0.0418349,0.0156829,-0.0175336,0.513139,0.0,0.0,0.0,-1.0
109664000,109664000,0.0389771,0.0609071,-0.0116618,0.539024,0.0,0.0,0.0,-1.0
109764000,109764000,0.0627764,-0.0333967,-0.0120728,0.504023,0.0,0.0,0.0,-1.0
109864000,109864000,0.0586292,-0.0249098,-0.0117179,0.49865,0.0,0.0,0.0,-1.0
109964000,109964000,0.0240292,0.000723768,-0.00608974,0.510177,0.0,0.0,0.0,-1.0
110060000,110060000,-0.00091962,0.00948076,0.00300157,0.517393,0.0,0.0,0.0,-1.0
110160000,110160000,-0.00953819,0.00615992,0.00670468,0.5189,0.0,0.0,0.0,-1.0
110264000,110264000,0.00291651,0.0122892,0.00727142,0.518034,0.0,0.0,0.0,-1.0
110360000,110360000,0.00350116,-0.00602505,0.00848359,0.517497,0.0,0.0,0.0,-1.0
110464000,110464000,0.00464679,0.0164528,0.0103952,0.517031,0.0,0.0,0.0,-1.0
110560000,110560000,0.00403201,0.0116415,0.00848818,0.517873,0.0,0.0,0.0,-1.0
110660000,110660000,0.00438645,0.00411449,0.00808468,0.518963,0.0,0.0,0.0,-1.0
110764000,110764000,0.00474251,-0.000472535,0.00528694,0.520265,0.0,0.0,0.0,-1.0
110860000,110860000,-0.000238336,0.00685997,0.00302695,0.521125,0.0,0.0,0.0,-1.0
110960000,110960000,0.0132971,-0.00850935,0.00272826,0.521336,0.0,0.0,0.0,-1.0
111060000,111060000,-0.00626777,-0.00984984,0.00245557,0.523901,0.0,0.0,0.0,-1.0
111160000,111160000,-0.0118266,-0.00436167,-0.00157951,0.52282,0.0,0.0,0.0,-1.0
111264000,111264000,0.0115766,0.000168513,0.00102668,0.522671,0.0,0.0,0.0,-1.0
111364000,111364000,0.0113446,0.00710036,0.00478579,0.510645,0.0,0.0,0.0,-1.0
111464000,111464000,-0.00588823,-0.00495348,0.0017103,0.51099,0.0,0.0,0.0,-1.0
111560000,111560000,-0.0157309,-0.00413043,0.00197862,0.507542,0.0,0.0,0.0,-1.0
111660000,111660000,-0.0085109,0.0079675,0.00578796,0.502702,0.0,0.0,0.0,-1.0
111764000,111764000,0.00252352,-0.00888543,-0.00284566,0.497601,0.0,0.0,0.0,-1.0
111864000,111864000,0.00617337,-0.00967076,-0.00253142,0.495839,0.0,0.0,0.0,-1.0
111960000,111960000,0.00152254,-0.0171166,-0.00230264,0.495175,0.0,0.0,0.0,-1.0
112064000,112064000,0.0101683,0.00504592,-0.00344698,0.495004,0.0,0.0,0.0,-1.0
112160000,112160000,0.00475977,0.0070254,-0.00129664,0.494478,0.0,0.0,0.0,-1.0
112260000,112260000,-0.00206723,0.00378009,-0.00465081,0.493335,0.0,0.0,0.0,-1.0
112360000,112360000,0.00739351,-0.0130373,-0.00706181,0.491671,0.0,0.0,0.0,-1.0
112464000,112464000,-0.00586385,-0.00740059,0.00266156,0.491933,0.0,0.0,0.0,-1.0
112560000,112560000,0.00313181,-0.010545,-0.00492247,0.492278,0.0,0.0,0.0,-1.0
112660000,112660000,-0.00624865,0.000779641,-0.000747258,0.492352,0.0,0.0,0.0,-1.0
112760000,112760000,0.00111684,0.00732607,-0.0029905,0.49294,0.0,0.0,0.0,-1.0
112860000,112860000,0.0023908,-0.00276347,-0.000286571,0.493326,0.0,0.0,0.0,-1.0
112964000,112964000,0.00148822,0.00412979,0.00248628,0.49327,0.0,0.0,0.0,-1.0
113060000,113060000,-0.00333145,-0.0115938,0.000931167,0.49336,0.0,0.0,0.0,-1.0
113160000,113160000,-0.00262157,-0.0148221,-0.00304122,0.492388,0.0,0.0,0.0,-1.0
113260000,113260000,-0.00156402,-0.00778212,-6.17708e-05,0.49276,0.0,0.0,0.0,-1.0
113360000,113360000,-0.00984937,-0.00748395,0.000626059,0.49413,0.0,0.0,0.0,-1.0
113464000,113464000,-0.00350768,0.00794713,0.000733031,0.492887,0.0,0.0,0.0,-1.0
113564000,113564000,-0.00671548,0.00487217,-0.00174229,0.493424,0.0,0.0,0.0,-1.0
113660000,113660000,-0.00455162,0.00959259,-0.000433607,0.493585,0.0,0.0,0.0,-1.0
113764000,113764000,0.00335241,0.0246748,-0.000293733,0.492867,0.0,0.0,0.0,-1.0
